0,1,2,3,4,5,6,7,8,9,10,11
453.3238980641354,45.77866195685795,165.85578564748135,590.5424736892387,1236.084569833961,9148.106032174543,223.86044399119405,9429.584396975384,30.800262451171875,93.39263916015625,361.2038269042969,510.8982849121094
430.8567843104138,42.09180602542725,163.59669878235448,569.1013841144714,1194.3110713710362,4652.87141057239,188.62973695013616,3874.7129163708796,28.430513381958008,105.56839752197266,385.8929748535156,450.2778625488281
468.5632316765058,42.3448022246675,169.48600287850172,615.8225146182999,1212.918640464793,2686.582347777825,224.6715273857052,2422.8336704429007,28.213586807250977,96.44146728515625,301.0982666015625,321.75048828125
431.01853556213524,43.045576054409814,179.5735747809468,726.8363483291521,1390.97801241842,2258.620944594823,176.59115692481464,2154.6982936912004,27.13909912109375,98.87712097167969,314.5384521484375,467.2041015625
458.39386725522036,41.90754339518945,210.832931571608,929.6499295401535,1403.8276058494425,3640.3983810640475,177.20866000708594,2912.876669914094,28.40652084350586,89.78186798095703,356.05401611328125,389.50506591796875
256.00014655341846,47.60428417353277,235.29432342897792,619.7907022706119,1215.5192304372713,1785.4304926586526,56.968675756525876,1179.4064442804852,93.22398376464844,352.9880065917969,805.7582397460938,1166.5592041015625
344.69356236900745,60.92527158626052,379.6592942794693,984.3856166881808,1613.7047406753616,2930.3190613390993,107.94089423949008,2287.999264393483,142.32382202148438,517.50244140625,619.5548095703125,1316.850830078125
283.37276050021114,50.87660797095364,300.6471524850965,1881.0781506954095,1635.1378870028866,2957.633763677413,60.05138993789607,1829.7779314361003,90.43463134765625,365.624755859375,865.748046875,1424.8818359375
316.0629550959558,50.38975278795822,332.1852399985358,1724.654728080153,1901.8277183259704,4187.456789623365,52.48954139030654,2320.6525027565444,83.36177062988281,390.57000732421875,1415.0008544921875,1215.18994140625
205.97525210015075,55.23384906354746,303.02299424403805,952.0758318696105,1146.6549334158717,2379.949685508335,63.42001542074623,1407.2632632923996,102.73194885253906,373.2813720703125,673.0592041015625,906.145751953125
279.55751136820845,55.616889012240385,271.82776351796923,858.0193534865733,1769.5054701715214,2765.3592427142466,68.70039363985434,1904.9008093734421,74.40228271484375,314.072509765625,589.6029663085938,1306.96240234375
266.8391422271347,44.20045627332665,272.1069350228582,1142.434367472338,1752.1064757911201,3458.5903500875143,53.718372609441936,1892.3801890685786,78.51964569091797,337.9947509765625,715.6904907226562,1144.067626953125
438.2840859299642,74.77359023602942,211.8959850524587,637.8688476679515,1389.0529432095423,2468.5988958353723,29.614722894568892,913.6535751968023,63.92058181762695,208.56272888183594,882.209716796875,1637.2545166015625
493.0493314347788,56.14257473540024,206.68279291793206,914.687472150747,1950.9067036470867,3561.2481519008898,25.089703323758393,1177.9173710210953,61.78514099121094,225.17086791992188,1246.7918701171875,1937.2962646484375
595.9764753729138,54.30615093900859,211.8176526368522,847.1375122952301,1712.4690236414672,3444.356772288824,28.699218987531733,1280.4070149266745,63.11134719848633,235.42799377441406,1247.323974609375,2183.892333984375
538.1076465647332,54.773318374879494,228.1651877222027,870.8426847911367,1838.0560091177385,4213.946758646932,26.843165171587568,1624.3689794512231,55.542388916015625,197.43966674804688,929.7539672851562,2120.53564453125
673.2673670025395,63.430952595363856,231.58965597832665,855.2088788111656,2139.42497919163,5264.297409762226,27.48871958337245,2279.7761671927433,61.93086624145508,222.19044494628906,1019.89306640625,1611.84521484375
537.4895199364715,59.66745015075535,211.1637231025414,687.9447804135236,1955.1450394173994,4282.19785489329,29.01574351459362,1857.5288458984498,55.725433349609375,164.3482208251953,905.6953125,1392.2113037109375
210.92177831158244,56.158198167177616,179.78525643958062,287.3098856518646,314.76926479421434,1378.5474189483919,176.59913374018566,2565.540152269366,45.160125732421875,145.00119018554688,185.83741760253906,232.3891143798828
303.20280864910814,50.00530349522866,169.1793941985038,328.948621006943,341.01201334037063,1407.8715775413332,175.66661871277114,2376.1827250739984,33.08945083618164,124.03115844726562,185.0074005126953,233.4663543701172
287.91938265623253,46.58177270512729,162.58764721438936,297.50871614634013,371.0608295637451,1068.3036331029004,167.7243899436568,1933.4674271718045,32.58926010131836,131.265380859375,187.50364685058594,206.19798278808594
245.08859332004616,47.1682236400331,178.8826420858697,326.6828910370318,320.8360605982622,2041.8149777588424,199.65683889414626,3902.751767634599,34.238433837890625,133.8070831298828,226.54336547851562,210.94186401367188
276.2070555583492,42.60272621518216,156.35953227805393,318.72586418603396,319.4810233024474,2236.0692811197014,176.7231256566832,2294.031101226297,34.68983459472656,156.71034240722656,257.5575866699219,218.05201721191406
261.77078807353536,58.31484856909636,161.17769937821652,344.74173001279627,540.6783866856724,927.1449271586188,157.2765233210081,1757.8527746196376,4.938780307769775,12.806052207946777,32.31618881225586,32.889957427978516
334.82087415424274,51.48739407713271,144.54024823177429,332.3511021140934,640.9149500307007,730.6965532206751,130.73617731794025,1456.4869744098473,3.8673348426818848,13.521186828613281,32.789737701416016,35.293914794921875
197.7701902737907,52.96052355626777,148.5864373900725,331.55758772149346,448.67803844709226,771.5601991411662,146.87482938521643,1117.172894196853,4.1356353759765625,12.984883308410645,33.90491485595703,28.426511764526367
247.22876774478542,38.8732228101016,133.67815369834057,289.06069493889544,521.9609000448285,1054.0745570583827,102.08463144454547,1677.8983129302385,3.1941006183624268,11.25049114227295,28.2040958404541,35.64040756225586
203.26318338558642,47.88989909577525,143.74912162847426,315.4947263144208,435.79108259724256,980.1253305336501,111.49200495239651,1468.2603094818276,3.3166496753692627,12.909714698791504,33.9578857421875,43.983062744140625
1252.6339111389009,67.68505032575632,225.80361894566653,603.7081674472519,1394.4404537978453,2348.609672342615,22.93938343529566,1276.7187913207122,62.09720230102539,156.35845947265625,425.2099304199219,731.6639404296875
1060.402456367925,76.85923542985583,240.37421363495383,804.0273561906811,1420.406683915542,3772.3313060705054,29.48971247322199,1867.591092727114,59.19456100463867,194.52838134765625,432.5003356933594,695.6959228515625
1128.0300879419265,75.17752218663854,221.74839304450506,730.9611081801535,1655.8663724880828,2930.620341984019,28.474331340300555,1053.7813421892172,66.75366973876953,162.2156982421875,390.6377868652344,785.4134521484375
1235.9443017160875,81.58326460996722,230.96374451552924,664.7198672439613,1540.3795176264443,3802.957679671412,29.88429952175508,2237.156123754392,60.177650451660156,150.05609130859375,383.6101989746094,825.4628295898438
781.398092892327,144.64426459995596,967.1407391160693,1297.8438471529948,1736.828099529146,1703.2625018159063,98.13468858785384,1043.2136555596242,42.48705291748047,154.489501953125,295.78704833984375,443.8216552734375
815.4242954922607,171.16520634807176,633.924999662212,1041.0780898117673,1562.7527558458085,1258.3104602803437,129.92241889631427,1098.2087554534935,59.41069412231445,175.7069549560547,244.07748413085938,497.77642822265625
967.9587365966192,104.66664671446222,596.053326092283,1154.4601642882515,2609.9457613872546,2507.5426082638883,116.11312662772136,1670.713011772444,53.124725341796875,139.5323944091797,229.206787109375,544.9043579101562
961.4130412603854,98.05927624834705,598.7598143115204,1056.9607339781874,1945.328170811999,3381.784136063921,115.18682753476237,1409.4497936583377,40.58601760864258,160.37078857421875,237.66119384765625,323.923828125
683.1836005617514,109.91685862655082,712.2577529376782,1083.882756797589,1704.3770252308575,5783.832230110423,119.31692292047484,1497.080149953376,43.819358825683594,149.94642639160156,245.4363250732422,300.74664306640625
518.9502176225772,48.58683386988036,166.88894493817048,489.21204193422284,1267.861072893337,1834.183021767166,20.468553685715978,936.399155922181,7.028068542480469,24.88033676147461,52.282562255859375,133.8872833251953
447.1796876631706,37.48100115452173,166.1210743931022,553.8610042510549,1616.3168957872178,1917.4988090061718,15.631018381287415,1014.1294351459554,5.28393030166626,24.667287826538086,69.14175415039062,182.45599365234375
459.8854650906766,37.758111998703164,154.96266113011194,538.278557223908,1377.5199382586407,2561.999816885239,16.307626709146305,1521.6929835181038,5.7162346839904785,22.577098846435547,73.09491729736328,167.9434356689453
413.11694181594174,41.90366085810272,190.08118080128094,473.7504831162231,1525.9110723786425,4253.914075028669,16.403119282316393,3384.3386833311347,6.419086456298828,29.730512619018555,84.84618377685547,199.005126953125
356.0959459089872,37.294304020970316,169.57077424821372,436.8276632424075,883.814665104707,4877.004673668567,18.9381711248713,4031.808567617792,5.81251335144043,27.017091751098633,66.34623718261719,114.33694458007812
669.4850977411897,62.85313385419524,343.15382618804955,1079.8063382410403,2362.293418017189,13245.532208139564,139.55927069152128,15827.614048744976,31.041749954223633,116.14682006835938,408.9557800292969,883.2113037109375
647.7896059539464,66.34054426202917,322.76901696553847,1255.4726357861684,2281.3827885610945,7724.165031049249,152.54756494119405,7794.900582344763,52.15141677856445,163.2815704345703,518.7361450195312,1021.9547119140625
772.8513834756096,126.04219258675364,475.71247033440187,1132.4201619165494,2485.451855724608,3717.534844637042,227.6918258986878,4949.341243732935,148.58132934570312,312.2755126953125,676.3643188476562,1121.6414794921875
724.0094113432614,75.61152695816507,362.57506588974803,1532.754360928327,2882.7975014941435,3875.83215554631,152.93507525693758,4035.1637185135974,49.58894348144531,177.57066345214844,564.975830078125,1082.3311767578125
692.0978283545431,63.443870092409966,301.0321646167791,1006.0339322587582,2670.92251559534,3142.5338690820927,199.1955990685899,3365.3606059988933,46.06980514526367,161.40481567382812,498.9936218261719,1185.1708984375
908.2358924264964,64.38384229598428,345.042659843024,1372.4815366001396,3684.395271976403,5339.817558979259,146.48785541939483,8642.111050373647,52.26255416870117,173.51756286621094,505.55224609375,1109.927001953125
841.6813319123677,62.958669519261015,373.6185987584377,1383.433002291992,3524.089250556521,6133.472133543388,128.85698822499666,16226.052109594713,40.24557113647461,132.1063690185547,482.3750305175781,701.0537109375
695.3900834021445,62.698947150822846,325.5369892790079,1092.8041998608153,2712.331124617618,3316.9647552671427,123.29857753450662,4995.613694370318,40.160255432128906,147.6952667236328,562.7554321289062,719.2944946289062
175.04630133239198,55.48851406399552,153.52654588151324,363.1701621812603,659.4484106652114,1080.1319728848414,140.8731048288731,2326.4387055992524,149.87246704101562,284.9989929199219,365.206787109375,534.3355712890625
185.90472761876893,44.993295797235994,141.74285837097054,377.5520202851914,798.8582249479981,1404.906995678247,100.1835890970051,1902.6727637680967,137.95184326171875,273.27703857421875,323.7300720214844,530.0570678710938
171.24917558983287,51.26824255813262,155.9071381653981,297.65237977613765,699.6341160641406,1266.4386404630757,93.74419347135395,2036.8020516466602,174.9140625,330.5026550292969,326.1789855957031,386.12615966796875
172.56040707191383,42.50263030593234,169.22217499146575,336.76440614262424,706.5064284470013,1347.8265454728494,111.26450160492753,1732.929163989488,139.72471618652344,296.0475158691406,332.5789489746094,593.0831909179688
183.10282277449275,43.837075920773295,161.2162879163719,358.44888263781655,853.8574533575754,1495.3606528169287,95.18396388461309,2353.9939320523995,149.7026824951172,304.8928527832031,353.0179443359375,503.53778076171875
146.6417646153567,37.10287125538738,137.29135177926113,381.68440974170545,901.7690464640787,1584.602435306694,92.59019631040385,2465.732215091145,120.64773559570312,266.1266174316406,294.96240234375,490.00567626953125
215.79896568600356,42.11921921073923,138.01097326719133,340.2073992111826,878.2218671373172,1326.1220755308784,105.34392524183443,2230.262407365038,140.36239624023438,273.0890197753906,298.9285888671875,583.2642211914062
327.28330894863734,78.33156149768429,244.0741063151249,405.94223303569044,403.6550313340056,1897.5533196713552,133.91377727606204,2102.615330731395,67.61306762695312,193.73492431640625,395.2473449707031,514.4471435546875
652.8872540215148,84.84323823911382,273.1764231580407,397.3506348427886,613.0678033377337,1192.554655458354,132.13458475363268,1720.1226048752017,82.2249526977539,196.149169921875,385.851806640625,555.9768676757812
361.94340351856573,93.52227043763952,284.1404246375164,340.68991480624584,580.1053874623103,1382.7822314135817,133.9765877505134,1709.0744049582158,78.02362823486328,192.27049255371094,521.3238525390625,467.4336242675781
931.0168896207203,56.377809059852375,312.46125458637454,1180.0385975174065,1468.193212699119,4505.3938589442905,97.37965629808436,4548.727917075683,83.15080261230469,362.4884948730469,1521.861328125,1374.1282958984375
1349.7885492908442,54.35310760096867,298.50966955687636,1006.3889110769729,2134.5077435791154,4597.769341554635,121.25046748051854,4609.585469790937,127.97134399414062,365.3062744140625,1169.98876953125,1224.5882568359375
1046.8853317015287,52.59261819918796,255.42421101523044,975.279527266445,1366.5758817369958,3000.268094526509,118.91677905116323,4028.5445286756308,112.75804138183594,357.08489990234375,878.2379760742188,1118.1014404296875
1176.7329830708798,48.41460685487306,301.81398840148626,1302.3297239789576,1822.2266384418122,3503.706773797786,102.3555383028477,3875.5815260772943,72.36038970947266,292.0239562988281,1137.8638916015625,1315.380615234375
1102.9966390860077,51.587411448861396,299.2243889668972,1248.7984769045574,1825.9863205890267,3742.913265243376,125.95204581938954,5261.10302525154,93.96451568603516,317.0439758300781,1264.63916015625,1164.9207763671875
1134.6577451280732,50.329145829107205,320.3690743013883,1412.2489826279007,1875.0392628664426,3683.644820857318,102.08779641294745,4734.771130714816,57.40317153930664,310.84942626953125,1161.946044921875,1112.3023681640625
923.4536293088331,50.90424968260802,244.17745512573137,750.1473825794347,1025.2146419064225,24275.576398608773,39.836376310829614,11023.115110597822,19.161439895629883,117.4168930053711,619.6541748046875,511.00213623046875
1412.8527447657857,66.48208856474923,231.6161543895391,913.5889097229642,1684.2571884535053,12215.066860799006,59.303068183239105,6118.816074875807,34.55744171142578,88.84059143066406,577.5219116210938,574.1560668945312
859.0874931443417,61.29203319376771,269.09170257621855,951.0341614605053,1170.6908066389112,6784.331829428201,47.035493106104326,3218.437464864923,28.892683029174805,129.53558349609375,662.6937255859375,597.4241333007812
1009.8715217538506,46.29251178208274,216.3586457176042,595.966079042281,1490.4078974787285,5697.785149560348,37.09353409996278,3022.33571059137,18.3173828125,96.86971282958984,691.76025390625,499.715087890625
1041.3628467525923,182.0677500159093,479.6269652282936,870.3380359321807,1781.6933994188964,7035.057372240748,105.66525108018052,3100.787902555016,71.3932876586914,142.17254638671875,376.4720153808594,511.5450744628906
1459.6291575327175,61.958457761957206,244.37436536639296,902.7838044530564,1724.7064288686406,7725.676711944749,50.209657047888,4168.8323074241425,23.25436782836914,107.3641128540039,450.0364990234375,706.0438232421875
1017.3789039460752,52.06881178779159,279.54353330803923,689.5365451604688,1723.6988123442509,11679.963794713849,56.74028014871978,6432.466027676652,17.69532012939453,109.22069549560547,428.98681640625,499.6558837890625
1071.0245748982209,45.635888720610154,252.136943893247,1088.3705571332807,1357.593792400523,7559.586554072539,39.174516527177715,4107.641564739179,17.25935935974121,94.2332534790039,589.3282470703125,495.9244079589844
1605.7355675261545,53.7436006059886,279.1978621194336,1009.2766630566646,2413.3125401624447,8350.231341096176,52.850744861382836,4082.7490846952787,26.01346778869629,118.07237243652344,730.044921875,640.3495483398438
638.1771743277145,60.999305654013924,226.86776344389747,582.2110134246205,999.4402383117842,1266.4193724815955,36.18950867938765,830.3654341375249,10.255407333374023,29.68956756591797,50.170772552490234,90.46886444091797
798.4104363703246,63.02924869025485,223.12146221340294,674.2950663694996,1232.0350576066478,1059.9958559549452,40.71417758830616,579.2557157326604,13.024024963378906,42.33292007446289,74.61058044433594,200.8782501220703
754.5451821725784,70.96270503308043,269.4993097751648,612.8629714294375,1228.393950496715,1363.0861428363858,40.15517159739091,685.6595538631825,13.02649211883545,37.4907112121582,55.41884231567383,122.58611297607422
964.0143345564726,75.05331787256647,246.4313578560724,692.7696087397834,1360.1993058182234,1696.3160498029886,44.54665182568111,767.9491461224558,13.298829078674316,34.71608352661133,64.68514251708984,95.17398834228516
962.6398086068955,76.34511693008807,267.66986457667747,725.4765774735731,1265.46238758049,1393.6280577665118,46.86130653661813,609.2343666079423,19.700973510742188,54.34496307373047,77.80284118652344,146.0955810546875
979.6866972848511,65.17992781396637,247.63188382106875,787.7839744522045,1530.0178959575292,2048.3314054447305,39.17250217317274,1162.899026060229,15.830323219299316,41.91471862792969,84.31793212890625,154.67459106445312
711.974429519917,73.92601459581158,249.66901297006655,677.848045115134,1216.3383566980299,1716.7156184553503,45.349540865206215,1101.9627773632926,18.759521484375,49.20637893676758,82.3898696899414,137.33384704589844
780.7543366246481,70.52587243550366,270.3090332534168,865.8102780947528,1418.6622676398724,1774.0739415595808,42.6319379987007,1402.195820337897,16.667661666870117,52.865291595458984,94.00513458251953,154.3382110595703
811.2689767841583,72.44000843239847,262.09245890826907,704.17369583542,1285.1621351882434,1713.554099274064,55.10595097775755,1163.3695363069721,19.179203033447266,47.424293518066406,99.31941223144531,258.3118591308594
1121.9619987027002,69.13516336433874,474.9040039861422,1093.849087551019,1815.6732112318462,4226.773162529,65.2191677546114,4835.618469046579,27.293367385864258,130.92909240722656,479.13409423828125,493.0130920410156
1188.1237844410805,72.7906185333115,511.5673121373294,1953.0115614740987,1937.8474008530332,3151.573452783354,76.40905699635785,3568.4717202747543,29.835830688476562,112.33692932128906,385.5021057128906,378.6274719238281
1168.013224740383,71.91887125482178,474.0391024289721,1294.1379103831928,1713.7344519298304,2724.7921003926363,84.42444129476368,3054.2922813910423,28.66790199279785,162.4300079345703,589.7723999023438,405.4022521972656
1425.2066999611254,78.55455404485659,582.1823585883934,1590.5384250260752,2356.480806063357,2940.2302612039425,89.36576409871162,2434.2210352185425,32.451114654541016,138.75559997558594,419.8753967285156,497.92962646484375
1256.1253288433145,76.26801241517619,507.3808826391662,1206.3492785456735,1966.1649442664516,2556.5035308574857,96.99799583395635,2548.887626756738,24.94768714904785,116.829345703125,317.31842041015625,449.3489074707031
1108.3835082821772,85.5630089665979,655.5484785878799,1682.0016017093094,1886.4630837221782,2419.715563834419,73.9294087853449,2322.315148068789,28.329809188842773,154.43759155273438,295.6387939453125,371.29351806640625
747.3239208424782,91.13610900550617,280.4673896697462,856.7729867726127,2189.5416424127916,18949.743116845366,39.196479560911826,8714.266217568256,8.949040412902832,25.26932716369629,89.32093048095703,183.20599365234375
833.1848053045874,96.76654302477012,255.29307733891636,916.4045469902218,2414.7665124886985,7733.61821343438,38.2360285514791,4359.045742566843,11.895133972167969,23.012531280517578,76.55484771728516,204.16009521484375
966.6599880094924,107.60515747241554,313.4039068167236,1144.1832020484883,2592.8663535216756,5158.5251871089,40.66819894654247,2099.1293468800304,11.423203468322754,29.263097763061523,129.72927856445312,282.68316650390625
792.0385218735686,91.71442680752017,258.88346769979347,888.3874813943256,2255.6774241958788,5306.030863055331,30.853663583208345,2416.6161931986567,10.845147132873535,24.554044723510742,100.81188201904297,234.61660766601562
1060.3909785322564,110.05850743075949,315.1188897713859,770.5397917393844,2564.7479589174286,7794.511918042178,45.85651242773914,3496.495714123027,12.791213035583496,27.34560203552246,78.81351470947266,270.9959716796875
1209.6365956571033,90.41189623774777,267.5090683030736,1129.66398312042,2897.4165597299716,17442.148649083047,45.809438926624075,10371.005989300384,10.296427726745605,25.889522552490234,124.12738037109375,300.1696472167969
340.75354812517645,58.52524538763276,209.16488396950078,538.7923420085838,792.3685328737745,1729.0009067073258,61.81470498639323,1742.452396890087,84.70915985107422,210.4579620361328,484.4030456542969,449.1222839355469
283.90773576810034,53.58930865112009,204.16488684013842,535.766021334306,678.3778252854146,1960.590212582166,50.53583054853623,1535.4170734230722,51.63588333129883,169.3555450439453,692.1068725585938,516.948486328125
255.79477892505707,53.144308879382,186.55252318780592,448.9128502656675,675.0432949278769,2198.380859439,52.476380680390534,1766.4695567045774,48.84103012084961,162.6178741455078,527.8345336914062,625.0474853515625
366.95103343803805,52.915214913104094,196.39074892206614,542.99066458459,758.4050628572862,1897.5486651906078,52.646497707081494,1520.1397756074562,49.64131164550781,168.90032958984375,428.5508728027344,549.3802490234375
277.78326013919883,51.27251802284323,202.94114386574617,410.00034590057874,612.8917161664918,2604.0076547052045,48.02927264212986,1571.0311724696173,66.06505584716797,187.52076721191406,232.00729370117188,510.6452941894531
264.5146160930921,52.71466137240745,193.61654824795198,441.08823152599626,641.779051262043,3971.1615834862246,43.58965072908244,2051.596352829041,49.731422424316406,143.5926513671875,305.5570068359375,693.6275024414062
243.55088222515283,56.623682581221736,218.80501619176516,457.1309975161754,579.955150313426,4129.866173061093,53.69994477302821,1435.154877353026,45.43449401855469,175.03414916992188,445.7032470703125,571.8615112304688
510.7875229067693,55.3449673904977,348.9573066180629,505.95343532625577,307.0976112325756,1459.250642445499,55.812626560961746,1558.046648581706,22.942930221557617,147.90838623046875,261.07855224609375,228.14756774902344
534.4563121785537,54.87602507036501,335.63305926857873,453.9012880648384,424.9656711805829,1566.9965304560176,59.24262090118896,1564.1728958996243,20.116233825683594,109.98375701904297,211.80567932128906,239.50062561035156
363.37727148818186,46.993073620075066,310.6518736465383,410.9777757142277,316.0870555370042,2465.5846328511943,63.36870227580151,2708.1666944779154,21.423145294189453,116.81769561767578,287.44927978515625,249.65292358398438
470.42219209741927,66.1370717288646,553.7419435295811,732.5593917399344,394.51702725554856,3125.178257337545,61.83199173990115,2523.550225002236,22.494733810424805,121.48673248291016,254.61366271972656,230.87014770507812
669.8429849734093,61.509762797261956,381.8396996940433,553.9449144933461,464.547907221331,3531.7925428370454,61.102992872918755,3497.0744521019656,25.637773513793945,166.29798889160156,401.01953125,460.3437805175781
421.292497564621,55.101311575257945,327.42548463236767,476.8351182161308,369.2098144343503,3161.2431732468863,63.27525330629122,5495.091321244048,25.732229232788086,134.7795867919922,525.3990478515625,423.8277893066406
526.291254830123,97.76367281304998,432.936506748562,793.7043198301436,1676.280010167217,4619.366891445649,172.56660933493166,6051.530958279727,26.082653045654297,93.2302474975586,219.84228515625,609.151123046875
480.1091615079492,120.89358064422083,418.98690963590946,742.4834516399526,1664.415407408148,3063.136968566287,194.83268462691026,2757.77396539595,24.806690216064453,91.86567687988281,189.4042510986328,588.4378051757812
548.6685798878422,112.82087333313808,508.166896218319,894.3927726953178,1926.733847884623,4085.721535905691,183.81959764955474,3919.7291639480122,24.01597785949707,110.96711730957031,204.30909729003906,613.504150390625
561.9962995265968,138.05282501861652,563.3207578864511,1026.0542797737198,2457.5510641349433,5160.018543778712,161.836301499187,4463.906056470565,27.409839630126953,102.54937744140625,219.10012817382812,907.3599853515625
466.87680496890897,111.30839638544333,494.69131559931617,1044.5855115076542,1940.6077219388196,2953.9694670676618,214.17320319289604,2516.3422292502974,29.4814453125,103.42498016357422,251.6381072998047,551.1888427734375
461.68917548560177,98.86327375033463,444.6346568374235,925.9815141253875,1739.174415325523,3405.802886826966,180.64244945685547,2939.078689475221,27.443931579589844,96.87566375732422,318.7566223144531,663.05859375
726.1761518797696,111.75371598041833,464.37953918050687,867.2164170267736,2170.37119435267,3774.3010572034486,171.6830119191641,3115.6415596077336,33.555274963378906,98.30094146728516,309.0633544921875,961.41357421875
1655.8459648263704,36.21403077218886,161.314128818525,732.5007150266737,1722.0314345844163,12245.348433537283,120.91382569394368,15544.377274279257,9.62739086151123,35.19313049316406,85.52232360839844,105.33241271972656
2690.067277342084,59.252348916865735,180.89434125424864,576.8191758040052,2500.9580574979636,13380.669407066607,133.18020955055783,15651.203343883388,10.195208549499512,32.09822082519531,73.11289978027344,152.43724060058594
2054.530930914356,46.6839563918713,161.59750499728185,574.5634341446848,1532.8550318860987,18405.510791764846,123.8055828051219,18873.57804636176,10.337178230285645,28.46720314025879,73.95372772216797,192.2239227294922
1980.4244616660187,39.09502863376506,163.1391242579688,627.6974410505627,1826.799804259916,34096.63315010349,165.22644833012936,22033.291899247677,7.380824089050293,27.179763793945312,64.98252868652344,172.53651428222656
2536.2536766567814,34.88650805818135,148.54248968271497,456.2628094033805,2098.2153796163084,13522.950104772792,114.77874880339168,25912.040893257996,8.29948902130127,27.531291961669922,80.7032241821289,164.35044860839844
2031.6463019810417,45.831957802551685,171.5930766439692,639.4473928839514,1903.7298200875678,18759.903030817957,162.35271100282566,71431.49182219824,9.327657699584961,24.25689125061035,74.01396179199219,109.90703582763672
659.8028661304228,37.31073064264197,187.02203980742084,530.5373558803841,911.0275611357902,1276.8030240939468,32.97560446931536,943.3934745490324,43.849143981933594,198.9931182861328,518.1575927734375,704.2203979492188
516.8068512925912,33.37295013860318,152.05868039044063,406.6551033632519,757.6013764496025,1384.7779746740796,27.538440458285894,1007.8688584977414,37.99190139770508,144.198974609375,448.962890625,837.1448974609375
944.0227346546433,42.34430027777309,213.5640668026335,610.6669841694065,1397.3364007088276,1591.747836881216,35.60026265787105,1057.26363549932,41.072547912597656,158.71298217773438,563.830078125,1383.42529296875
570.6023828188825,34.68638822462112,150.4307876973945,451.1721347419234,742.2016095783167,1298.5262820911532,25.595518197094833,900.2034528901484,40.77675247192383,158.1136016845703,481.875,619.7631225585938
709.6431346235546,34.15390149986347,170.3921684115229,622.6811473731841,924.2869115639886,1592.7541632225561,27.78921390296395,1083.442050443664,38.901248931884766,160.79641723632812,442.2894287109375,644.8544311523438
744.9102842722107,44.52717182342504,240.35210435408152,610.1402077524283,923.7685522403037,1796.9486757353727,39.15804250572462,1540.9804412648368,40.67608642578125,184.74578857421875,537.1932373046875,773.71240234375
655.4079855643485,51.791616956417926,207.76840359738785,520.5353729695898,1000.0243821466771,1270.5642978882227,37.185638315078045,807.9627973564523,69.7582015991211,229.03457641601562,610.61865234375,1519.236328125
715.2376506438166,36.92602545732069,182.555373356816,529.2262949776148,884.872672965107,1640.7281501913023,28.281275190763377,1141.1369471784099,43.36405563354492,168.02371215820312,440.2793884277344,835.1849365234375
830.2347151630165,43.22383018690667,214.69344728806632,542.9311339546205,1094.299521014596,1260.053618105222,41.32142606428703,1058.6226312770693,44.63330078125,154.5367431640625,479.6841125488281,748.97412109375
417.03653753514783,30.04794272163669,109.81522267685328,380.76270017126603,612.3718322729853,1806.86701356623,32.70930035915539,1007.8953845938145,44.437252044677734,122.37836456298828,366.40435791015625,833.9070434570312
551.1055154366231,34.536970382268834,147.1270460632525,622.5184292951361,678.4238777119077,1940.1766411325164,33.67023865916521,1139.845475673619,38.81584167480469,126.9363784790039,411.3880615234375,466.2759704589844
485.7932397293072,46.738504455321504,146.9139743390705,462.2117053424201,616.552382942123,1396.3445504333865,38.83284188240938,909.1553792305043,36.626953125,127.7623291015625,368.9714660644531,447.3872985839844
564.3803364737715,38.22601070093519,165.8544257707518,533.0761611989565,803.2030633650159,1550.875173139609,35.1122797015332,890.8717688207661,40.02006530761719,169.17294311523438,647.1958618164062,702.3565063476562
487.5076527631276,33.82629882241124,143.27475739269443,553.4572505292283,624.6761394859509,1771.0228015359312,33.4822162627343,1226.0901893294017,32.00154495239258,146.00257873535156,546.595458984375,717.0435180664062
416.68666117706607,40.657357577174515,135.05604158214635,374.5810756297313,506.0887745605702,2504.9962764787497,35.77619848056382,1170.439136274346,40.338706970214844,113.96953582763672,349.5113525390625,315.4915771484375
546.8381940475468,32.432554999112845,127.37709997714228,599.3591679807874,628.8362450241564,1516.195527317308,31.846965821533523,1028.726313821125,27.843847274780273,89.34163665771484,288.3686828613281,278.19134521484375
698.9267359640812,34.50251701318907,154.87827588692946,557.1352084749219,876.6799927862916,1972.1695112617504,35.129443064948674,1160.3947047355748,29.431760787963867,121.37852478027344,404.6780090332031,367.58441162109375
411.1194691597497,28.322719031323047,116.66196089555095,389.0631034210031,536.3625135195281,1563.2830413165786,28.87670778697944,1208.984651862602,22.580198287963867,67.10647583007812,185.16746520996094,312.7408447265625
3182.145665993793,470.9830230523753,2223.4615071023327,2824.963459867703,3555.0016609850136,6543.692101198484,467.79931808984145,9356.582968300128,157.28465270996094,658.8216552734375,1346.332275390625,1116.2783203125
3755.212279330116,545.2802244932025,2358.215915714278,2906.1267377306076,3919.0002995975397,9805.803656422424,441.15041056888936,11916.824095098837,161.8282470703125,825.662841796875,1148.505126953125,1404.609619140625
3044.2969438185646,356.3779213715208,1636.0746018473671,2107.8915885619226,2887.070216813326,7603.1645311493485,429.51248389355175,10611.815991613843,102.45111846923828,474.5317687988281,868.2274169921875,975.6874389648438
2583.1596128574365,447.8849499760548,2235.373807844723,3105.5375170694083,2672.00596985182,7617.089759107769,516.7565047935215,9972.319009294743,112.0501480102539,596.3704223632812,1298.198974609375,1188.0882568359375
2459.3535023384966,323.6304090363838,1481.7303679390488,2683.2089376640547,2581.7452931669714,8810.950216147396,337.5859377076676,12194.108871016946,122.468017578125,533.0047607421875,1179.1617431640625,1231.9473876953125
4959.296928327731,337.6980958501232,1547.0962327167847,2197.209670782181,5242.916710120889,11186.00724896222,329.86249347401554,11767.236681934646,96.09143829345703,455.6824951171875,888.622802734375,1083.3236083984375
2915.8538296677443,496.5781183559553,2241.768337393948,2131.0340117941273,2875.989299668815,27139.69208110774,399.83639889051074,22828.804100881418,143.7841339111328,690.379638671875,916.9996948242188,971.88671875
1152.8541653111974,165.73532031767405,352.8403500300593,494.74809596131365,1211.2759342488278,3639.0000350108007,138.4145334006514,5119.487273760807,165.19126892089844,308.2132568359375,463.2371520996094,1239.958984375
1187.4159568706602,156.59257706254778,326.98931864403363,475.8604648106782,1232.2254564306204,3597.0335324325424,135.67725436115023,4927.9861817008805,154.1785430908203,300.8042907714844,470.17559814453125,1084.126708984375
1106.4844687172106,158.62240181580302,328.88497414195814,492.74737911496766,1101.567576948821,4198.489343760097,152.00106268740453,5364.711266290472,175.2674102783203,293.73870849609375,500.87994384765625,1200.6826171875
1053.530621174464,132.6486737676869,284.2189367485401,389.0330158406321,1088.2453464526102,3367.8605460668873,143.0718771626985,4107.13488902912,150.77549743652344,268.473388671875,367.84295654296875,1487.4989013671875
1076.495848835714,146.0188855290962,332.87135291558616,401.75579203405636,1085.8899834637202,4044.410057545947,145.00084920349775,5736.965735181925,160.7659912109375,303.7223205566406,358.9612731933594,894.2782592773438
1006.5631459333797,153.70239308427918,320.3245421742701,448.3188359637856,1131.5290956204367,3661.7680969828593,143.874696720519,4532.998044589028,161.72779846191406,320.1330871582031,431.62530517578125,842.5575561523438
794.9516270586524,137.70863648669314,279.0972557296624,479.4305899720921,874.8821978451042,6267.299861362752,128.44811789411142,4609.5023458194855,154.3035888671875,259.5839538574219,510.86944580078125,760.2538452148438
468.8063864278207,67.39741558150696,247.15827815036837,542.2457789919266,804.0778850502146,5555.518336635093,87.8265960781243,3038.650036067641,90.01164245605469,272.8265686035156,609.0025024414062,791.0924072265625
514.5353593746838,85.10838281523672,253.1252025315994,677.6536748794778,774.7232309690958,4830.617557815847,120.6318043866625,2964.025899387693,100.68212127685547,309.9332275390625,658.0991821289062,1013.8289184570312
576.7447669075897,66.21079740129164,245.03367002974454,722.7941990479486,960.0797717883057,6664.153966535447,93.55089216309341,3007.8079285238014,93.75605773925781,314.1972961425781,702.2665405273438,1239.78955078125
726.0132044276513,83.83011002499742,319.9542385159305,868.8137180202335,1221.183845953048,5044.356465313121,95.67073621376892,2851.56378103169,119.89775848388672,355.5363464355469,651.549072265625,1710.4537353515625
773.95572053864,64.54460433772552,245.17782544510234,671.3963109322316,1115.147122397413,8341.750215661106,88.55375312922304,4592.68019249783,75.64713287353516,239.18362426757812,606.279052734375,1184.158935546875
1085.7487608343286,66.9513395910187,301.0227776294972,734.3725490803984,1480.926356619797,12361.605269170537,95.11077074211993,7486.592931538743,92.77880859375,472.7150573730469,979.5386352539062,2341.41162109375
800.7354760208877,75.1098278284883,279.32122957253085,723.7274317251392,1196.1641200314737,6960.378867053463,90.74136077980644,3237.362216062541,136.8990478515625,477.9315185546875,823.6453857421875,2014.8905029296875
1137.3687533031357,67.55077737322225,234.10867482909006,441.553409701883,1161.850122859119,1594.02926231846,58.83747632718518,2659.3955103975327,26.346410751342773,67.9876480102539,203.72059631347656,380.58856201171875
1024.9384452872464,45.684553315057634,155.33508287785045,414.2974087059187,1026.227209893906,1826.1093532697812,60.77382342864708,2954.609549357786,21.17888832092285,54.57197189331055,177.473876953125,528.5818481445312
1027.8373966929923,51.669045572245395,153.6254865687251,542.1967868237566,1161.63693345908,1421.624395301673,65.25067946459225,2869.0066310006764,19.220050811767578,62.52939987182617,214.1631622314453,501.73699951171875
1115.8617351082275,38.18392446724654,132.60411763040665,354.3705656594991,1111.1222319147748,1682.1165196441839,60.924384293084245,2766.3556840279252,18.24608039855957,54.06014633178711,151.15869140625,503.4024353027344
1332.3678751239102,52.79988361990537,151.5368547168247,412.4275164155756,1341.4128482061055,1653.9028546266936,69.29905070559198,3093.4715452747378,29.611867904663086,63.21887969970703,256.95953369140625,604.2059936523438
890.9754685372126,36.974452586156346,130.23515410512405,483.0933333156174,1027.1405101636008,2141.5592596102406,58.60834608888814,3258.9787387612187,22.162199020385742,53.01426696777344,173.28793334960938,404.72320556640625
980.2587091777195,47.26163982539709,139.30545993470824,453.94110556523833,1038.568434579265,1942.1451732799385,66.69236822656657,3048.280781898032,27.681537628173828,60.7349967956543,232.34771728515625,445.93048095703125
729.841397600739,83.7708536033158,207.3451434567723,398.8997395141945,833.733506174989,2429.082150445311,174.27683561559627,4250.598228263487,53.43232345581055,130.49887084960938,278.1321105957031,545.9855346679688
1309.120545896036,42.620700703946916,137.21567860271475,329.7074844743355,779.537749928949,2693.496562849261,233.13914526149478,4344.137627566104,34.04227828979492,103.74542999267578,264.4367980957031,391.5307922363281
634.5492331343715,37.016176027607266,154.37840568483225,303.55125877147685,526.6106687392185,2285.864153676417,207.63015578320656,3754.0601771396914,33.07728576660156,120.29450988769531,218.30552673339844,493.365478515625
866.2581599940174,38.03954049231443,135.74303366773378,319.7111064054369,605.6753669066985,2652.6421441993184,224.46009023059037,4944.231015122045,27.244035720825195,112.38568115234375,205.6968231201172,511.2166748046875
788.4336811928141,81.68165948099185,217.47623432193237,382.2029155001484,684.2260868201522,2747.065859173445,213.31864091543568,4436.222037568089,50.19948959350586,127.66179656982422,288.9291687011719,409.60284423828125
701.3324452342823,43.77392409714596,135.03051407107353,358.3801143045911,601.2650891906877,3169.505000552727,188.05243811960355,5457.522353739941,30.881061553955078,99.69751739501953,280.5394592285156,478.31060791015625
682.4339172910334,42.77079942585225,149.5543603508089,306.003634279473,573.0202044095503,2911.570131303074,218.31028706319978,5120.27000515623,38.69560241699219,114.75081634521484,211.06930541992188,380.98248291015625
467.87842881434466,22.520241344936085,55.71708210070338,130.26769617816677,309.928595361062,487.59389393243794,31.99830907850042,1053.8528053253506,7.565147399902344,22.346580505371094,60.884586334228516,185.15658569335938
384.28173562067303,20.220040403559878,53.301932566662586,142.7677843719645,282.13964175914197,415.83838780315034,28.51592662577615,1038.6278806546593,7.259417533874512,26.26578140258789,86.43737030029297,156.41763305664062
343.70863590554956,20.166850594722863,54.126324595249216,148.21553925502715,252.00516833667766,415.1513078093341,31.851156433982567,700.3325048723615,7.756102085113525,21.033557891845703,59.18430709838867,123.3800277709961
479.6782015991542,18.63544609315558,56.20155081707906,142.3143326865253,300.49897653393924,443.1576276177907,30.75981898256628,947.3205718820959,6.777383327484131,22.876453399658203,74.5873794555664,162.65133666992188
339.39866916309586,17.47939467453483,49.907764752323644,130.8666466988912,285.7122810331415,466.2226581428084,24.411190637107175,747.5812029644673,6.383213043212891,21.105905532836914,67.32951354980469,182.22021484375
626.0512202093433,35.180531145295205,97.30146440166385,288.9039943990951,748.63586384304,4225.873619323872,171.43392057348856,5209.680328680678,29.7669677734375,66.8649673461914,140.6582489013672,430.0970153808594
595.7924385722013,31.555855672796522,97.82656887932005,325.76412640832126,746.4704982215505,4227.058156365344,102.52093112501557,5166.592009585777,23.33907699584961,60.51273727416992,158.76683044433594,436.3372802734375
855.9684120955342,49.01801410439401,121.11387686677023,444.72085324189743,1093.9136416914137,5172.722366563524,96.73608903099986,5079.164773093558,55.98568344116211,89.58807373046875,232.75392150878906,585.082275390625
986.475906279349,33.516579942178254,95.00156162398994,294.30615464962443,1192.407014772095,16505.8642594703,85.93703031762239,9963.401880104318,26.728839874267578,64.12368774414062,148.52696228027344,687.265869140625
496.91283367310643,48.48946257249476,131.94957027087207,343.0964423671805,672.9737818651457,2093.4086318137274,68.64040530867456,2688.3838369477257,44.66691970825195,98.23314666748047,212.18043518066406,370.3138732910156
704.4733467914488,42.42138250901245,120.50363444355612,371.0797414981248,1001.429661265792,1351.413870775002,77.1520115417196,2279.4458622031584,34.04255294799805,88.58999633789062,248.45742797851562,460.2665710449219
1862.6940663560708,120.08775541186343,377.9751844437747,938.4734834937451,1735.5530815377087,3281.824274924668,156.52599947520596,5312.79053845277,11.335664749145508,25.244768142700195,50.78085708618164,106.53543853759766
1389.9007361643266,93.83012192051399,342.6025746448767,872.428839628845,1474.3250424430405,2565.124329982613,134.41309915273607,3456.385553678997,9.491440773010254,24.31396484375,44.13446807861328,79.4225082397461
1607.068861474232,96.29338244691301,310.59741057981597,820.8308796048682,1618.3679702446025,3624.4261828749122,130.04817715005487,4517.357926576212,8.841835021972656,24.371360778808594,55.54276657104492,100.15877532958984
1599.008960161688,100.72732582551401,339.7302805378785,766.5920398122863,1852.388546244133,4162.262199134008,129.32349135150412,5463.560732672393,8.558250427246094,23.006452560424805,47.69150924682617,84.16910552978516
1450.279093068384,110.61294537683094,358.6713649577555,1044.5058028282488,1580.180055942587,3113.343479456749,159.51796517676755,3764.786375395415,9.19605827331543,23.364473342895508,48.41489028930664,73.95266723632812
1530.9201680284418,110.75913934484392,295.282068041246,701.602705996543,1573.3838395518162,3080.1920939834154,147.9207692501508,3924.0599708575123,9.732202529907227,26.5260009765625,43.295501708984375,69.21914672851562
1289.6387408880375,95.8716002809302,307.6978369730942,851.1636406223809,1404.0617001153641,3136.869292318896,131.83734007837808,4060.618607472801,7.743346691131592,24.43164825439453,48.232948303222656,119.72468566894531
1861.96594095535,117.59054009770406,352.3575212424144,897.6104244521312,1959.6810184646276,3529.492083295716,148.13698463961356,5013.5817985530075,8.337272644042969,25.652494430541992,47.2789306640625,134.85568237304688
140.42034254435663,27.994469730360233,99.29118912743918,275.6582608979048,717.583249374093,1079.9581710334292,12.159094096277242,724.3135021311725,41.51223373413086,95.34761810302734,251.7916717529297,464.1898498535156
149.8281217465456,25.327196065096174,89.63128039967357,229.8290419415685,654.251135385289,1038.3904569954789,12.271006030616025,885.0751003581729,26.745508193969727,83.61111450195312,232.1313934326172,361.4726257324219
112.12442764193429,24.673211526498783,76.45046839919335,253.437188800492,467.4921211643377,829.0759778025242,11.089557276898613,718.2777395976921,28.16486167907715,87.4019546508789,185.16139221191406,381.0981140136719
130.1653753463248,24.370313488254133,79.82375006881037,209.5954809891522,400.41603725298796,663.1753525049193,10.731505681320312,619.7052392201402,31.20867156982422,68.3272933959961,230.34890747070312,454.8958435058594
100.45472515039796,24.438830171891343,79.01353943208134,190.7732703386823,358.0205473162285,689.5580916042659,10.90214175743686,553.4162141758445,33.0277214050293,80.1120834350586,193.00608825683594,287.1322937011719
111.78487721913447,22.048633015452936,78.51747626090491,219.84810872988044,464.3546876178193,632.5879725346925,9.789675526494342,690.3650861996576,31.006515502929688,71.6181869506836,200.2305145263672,398.369140625
144.31431708018937,22.442966390242027,82.67463889032005,231.86993583568596,513.7315410006253,663.0926809647702,10.612907353504985,613.6675970194633,30.451200485229492,85.07357025146484,212.0354461669922,456.2653503417969
140.85919355423874,30.070976539402,101.59727921633389,390.70351233213745,824.9039902663548,929.7923679322749,10.953915451926477,823.397600402214,28.962974548339844,72.92887878417969,227.59686279296875,452.0191650390625
137.61595816799496,24.72631447142072,78.06240554417562,184.66472279615567,446.87946092189276,612.2363336277676,10.538461167573567,556.397142246571,29.452686309814453,80.10265350341797,212.4391632080078,445.7642517089844
109.17702340239643,22.431974958440875,72.28711823239021,209.50875511322616,422.8639730118805,560.2164315668996,10.759815356217542,480.2619908897078,30.12470817565918,76.19226837158203,208.53256225585938,409.5954284667969
129.57884418186188,22.069060204561353,80.76319818255696,216.1564763900312,511.63061082416135,657.0709671244387,11.201097788765477,585.0508159028716,24.868886947631836,76.33041381835938,241.07752990722656,434.4419860839844
140.72453316746356,22.386357074951732,80.95592037656189,227.75729451558934,491.4305324522415,534.2320126557731,11.718253097875326,426.2472659393531,25.219083786010742,75.79544830322266,252.0013885498047,392.3357849121094
369.0689046512345,46.94035262438213,144.7752100449438,308.20310827447963,497.98886051968464,1062.5760325256315,64.06014908998921,1878.6653896653133,22.857995986938477,94.0103988647461,280.17425537109375,303.44183349609375
389.36586968179023,47.70388718758634,145.64442660875227,332.5309111285847,531.6939345405004,1297.9986639546603,59.3497604776074,1369.985406989631,27.06067657470703,97.31957244873047,302.2607727050781,299.1524353027344
300.63139553207833,51.878670898336054,145.49771267161714,310.9663381889478,429.9235376720348,1086.0499040429604,56.04162741951035,1650.441939128796,24.33443260192871,97.93245697021484,343.2910461425781,228.5326690673828
327.064459324751,36.513102183486886,135.1549999704607,247.94192580570441,467.21995411858217,1081.761989819696,41.87059635678136,1237.4533672512925,15.544903755187988,56.51988220214844,151.0843048095703,196.96070861816406
364.2363111252948,45.97948740094972,127.58003406428497,292.1913136061062,543.0931187098304,1203.536291485202,50.913511155693406,1614.6099267966956,19.758874893188477,87.26985931396484,337.1045837402344,185.45510864257812
3619.840816493273,98.95946450433166,483.4617218034185,2472.933592217952,4795.559042112584,9160.638078561873,178.10576260983595,10582.342186123593,71.78861236572266,206.84007263183594,477.0997314453125,1316.983642578125
5214.38967623176,78.83856001875134,447.7285040082989,3189.913227614065,6699.49203488375,193295.88346424987,116.95383862030712,174769.17505449266,51.506893157958984,145.73043823242188,612.629150390625,1348.27734375
4712.478355776541,77.22239151250554,575.6025187557734,2277.5424628588403,4835.401908961808,101483.81997130177,100.92786916219852,85366.1647893208,48.687416076660156,206.94857788085938,774.6578979492188,1017.315673828125
4443.978489279551,63.47017577041837,339.9771151528598,1988.3364719784834,5655.786293676864,46570.75358702138,84.49409872061815,38111.316751513834,45.45902633666992,143.16944885253906,502.9080810546875,1223.0699462890625
3320.2428376092307,65.24717087824867,256.69257288729256,1068.7606761642821,3108.9717492005025,65161.803660331716,99.63694422253798,44430.22705622788,50.1980094909668,133.9241943359375,508.7127990722656,972.564208984375
865.8364457002014,35.33049437149564,180.4987488031133,468.17253450246744,658.9447481232351,1048.181909406763,67.48534958463178,1826.9001139230352,29.994125366210938,117.26119232177734,175.45193481445312,198.4376220703125
771.1534755439255,33.14932946736915,171.90081836744838,381.18869263160536,651.3262928775617,1105.7535793491404,65.16878912868556,2181.357486756883,27.585908889770508,101.04319763183594,195.2650604248047,212.88783264160156
1186.2000115936469,38.38204749654567,186.6907920185358,505.4609816394562,814.218806973397,1299.1831026391994,71.09957320953872,1922.6617302568684,33.165000915527344,127.46944427490234,210.8291015625,269.0730285644531
823.3519276088032,34.24215740956494,163.2665199430785,412.14541003177885,621.2035339166448,1362.6586935886942,61.22897054954593,2438.5982115546226,22.501806259155273,78.14691162109375,188.97048950195312,220.07496643066406
846.9605027836375,38.85837213701625,190.87175717352238,406.0879074822304,665.6170796835098,1272.8709865087944,71.41817840693838,2169.587744156638,25.85917091369629,107.87905883789062,190.68890380859375,238.4517822265625
651.3214240467718,37.31702962078063,182.80035136668096,446.3641524085577,571.9338047548201,966.2372563234121,63.75821840095599,1445.0493898152247,31.236223220825195,80.73299407958984,158.15061950683594,193.1823272705078
951.8019584950567,38.75671757966794,191.81384725298471,428.2138087299823,698.5270822764061,1157.1519175694032,61.868899339966696,1909.6244003291495,25.929346084594727,96.15242767333984,189.83566284179688,177.7422637939453
388.00215828969766,23.320334206371825,85.41243408347611,239.3428861697097,476.6438971014949,769.0723512456822,121.92076578920263,1859.5378392360346,33.67380905151367,115.63955688476562,339.6270446777344,606.6038208007812
342.5064040130569,23.471581952984504,85.33174778861778,210.20342326520804,468.5290351638512,802.588396652006,124.3596475137551,2433.3254312840268,31.59163475036621,124.48035430908203,309.0491943359375,510.4107971191406
347.8644983714326,27.089870843652577,92.45742669836586,285.9137949566983,477.6100873500594,667.9062196105435,130.5071845149032,1585.3694902230711,39.32162857055664,116.2359390258789,328.0536804199219,721.0663452148438
510.3356963017402,22.712600538943768,88.99705836483886,247.77617020955006,517.7756408714824,911.76276464648,120.88270132812288,1987.818056271392,32.466793060302734,132.9061279296875,339.11968994140625,630.9918212890625
467.5286993068946,24.63898674892903,91.08722043665804,237.48676320623667,565.6462565157575,653.5226498385289,121.46044568294367,1498.1691022700618,29.38077735900879,126.2710952758789,341.99725341796875,473.70416259765625
377.7842134423663,21.73446214191856,80.87626295587164,231.53038894824002,426.5000581183932,542.4987428945426,110.30135579902434,2016.480682915589,28.59099006652832,102.5457992553711,233.1380157470703,395.93365478515625
337.06404020404665,22.379050148586337,82.20828148081416,239.62075876821478,393.97625390379625,640.8502018712642,101.98732823397404,1866.7476413097056,31.918771743774414,109.2616958618164,341.79620361328125,386.0282287597656
379.914491194531,50.67919528024279,132.33653912704352,246.8687568027219,487.21506461385417,3323.477103127055,104.43707030209659,4472.863854042426,15.215761184692383,51.39811706542969,184.9849090576172,192.81011962890625
404.3387398551546,54.99757599522382,143.57061333587,237.56196908878056,498.07212794322226,2865.7361518935827,112.69538797058986,4063.030237624474,15.040933609008789,51.01877975463867,79.11751556396484,144.94146728515625
381.4612891333948,53.95025377489586,145.75849339460802,266.5126000500576,536.9372505696904,2590.2643677131305,99.03780588461814,3027.840372734721,19.165454864501953,46.21015167236328,133.23916625976562,188.13433837890625
400.78337152713675,61.74418035398026,167.70895438224116,295.86474376299327,501.4595596969499,1990.7982420970977,133.24933136003762,3506.130556970133,20.8157901763916,55.47828674316406,123.89469146728516,238.42214965820312
468.2354252006569,56.470195111735215,160.15655035201118,365.0466245416981,576.3824492627572,2960.0002280044305,106.279399051161,4447.02173649846,17.788732528686523,49.78408432006836,166.19586181640625,208.07701110839844
322.9411175420745,52.80400067663015,154.14887216361976,293.45218140348885,460.9296480011353,2959.436987875866,111.78335931643201,3286.1081739230076,17.178009033203125,43.55569839477539,132.71859741210938,192.48460388183594
398.170880691093,52.94638476484323,141.83766312016576,273.10498739829296,472.4144563474531,3604.4905720775364,114.18898622930685,3880.0895287444523,18.346250534057617,40.870582580566406,80.95314025878906,199.20645141601562
130.00664366200974,110.5754277600383,367.6703705474111,284.54882386418655,348.79060780177906,771.0048778131418,116.87614239310811,5714.458483997488,43.715389251708984,148.65603637695312,120.42657470703125,204.14222717285156
140.6832162420028,75.62216288647512,263.6359409706614,271.3898615019155,407.52170048162264,706.7515700622511,87.84684437023326,3765.2882493444486,35.07512664794922,120.83978271484375,142.71002197265625,175.22158813476562
139.90701161680192,73.4214351097514,258.80387603562707,254.9958165664946,365.2317815755544,704.9380761251053,82.50275264843624,2790.6750507467445,36.90897750854492,128.9363555908203,153.7353057861328,195.37815856933594
139.49907990600443,68.80874263889446,258.76746347140653,292.8129523774617,345.1035675411427,816.9951390635124,88.11933882249323,2079.9312252151744,31.951919555664062,118.41761779785156,175.6582794189453,182.7081756591797
197.08413396388437,97.6116714607244,301.27865730153445,325.82037120735635,454.1514226684155,948.2109924304663,92.60339670030514,1829.5078711076487,45.11012649536133,156.56661987304688,144.4861602783203,280.89007568359375
130.66949545900178,77.73864821368998,255.24554072969005,254.47283226766467,358.5054582861826,1100.4901424082816,100.38309361461741,2224.2336211135666,35.64940643310547,113.14054107666016,139.1208953857422,209.26795959472656
156.31643399577126,86.48533607484039,317.2470690916834,348.71137902674025,393.54492209645684,1873.9572742491462,96.39088217153773,3260.370264060513,34.41413497924805,107.92578125,135.83267211914062,276.0323181152344
635.592189030104,104.26148223076494,103.34480610036118,201.99739071269204,644.5366219468804,4911.10609501921,216.6741619896214,5265.1751571763825,72.24048614501953,110.99202728271484,131.6620330810547,439.3408203125
1532.3837494045392,78.60987552101118,108.45980574392148,258.5669829959375,1243.0553396741234,3355.4184915105975,148.17784479727516,3852.7494522486163,43.4906005859375,102.93212890625,136.744140625,574.793212890625
824.8428515228103,73.29780063007772,98.27259919001466,257.0817145595597,803.0388286158893,3096.683157540314,170.6575113860435,2891.0578101239134,50.04014587402344,100.42088317871094,139.33697509765625,419.9456481933594
606.3588865179636,81.06227758577212,104.37052415101688,193.5122574281583,556.9367794194102,7101.675532411924,165.2722913337252,5979.245512923139,54.7120246887207,120.90921020507812,161.38510131835938,326.4250793457031
672.0908774475764,42.88833893552739,113.14387326880596,241.38275445813983,976.5626796122898,6651.51513154854,220.75128316037086,12465.88811872939,14.884326934814453,33.10077667236328,60.64455032348633,258.3558044433594
517.0840080341903,40.984634799975986,108.66562030396618,242.53903129203928,822.2502796184186,3859.137057266936,206.42944174106526,5050.961834621616,12.458898544311523,28.2695255279541,76.38854217529297,309.52606201171875
485.9911696918959,46.438892312958124,135.27464588330074,274.03852580147543,750.2309437361575,2890.0159178415306,214.25086236334892,2486.3763816020705,12.150190353393555,33.86106872558594,77.63639068603516,253.5091094970703
461.6028071870929,52.67907234095945,130.83836718266747,259.0940177155437,732.4065599915871,2549.6116366545834,191.1531172805705,2132.6197081381033,16.380859375,39.8956184387207,69.78352355957031,231.70074462890625
581.9218926350626,51.88226296642263,150.8971871343999,359.48268537850714,912.1282391519877,3574.4742976437155,185.47476738590478,2909.834736975421,15.099130630493164,37.12934112548828,86.98249053955078,254.9730224609375
299.3362076978003,50.53197481359074,135.13161932290146,258.1058267418798,567.4653358694695,1965.189949882688,161.89828008728668,1793.3617016660094,13.580941200256348,36.61793899536133,71.9639663696289,193.68148803710938
465.6158360469329,47.653844855800834,148.78616345298997,385.0928863492461,672.8442252867794,3166.7815417509264,191.38268587514406,2992.5710564708206,13.367683410644531,35.660335540771484,82.12275695800781,167.77151489257812
247.5845158440829,25.914074137956327,84.97485106378652,177.6054432323884,356.49987254884275,1726.9897404694545,88.08623714386464,2039.4558811899667,37.67144012451172,134.59571838378906,283.48773193359375,608.1485595703125
182.0748345482559,26.532781754118723,91.40518760452888,208.13028217017612,325.409212055185,2177.803727109366,112.10777713963809,2990.4686979892813,44.55148696899414,148.90235900878906,299.61920166015625,499.4198303222656
217.83233928427796,26.9541110305875,85.99036316917586,197.11152261907083,376.84593218099644,2092.8838478055613,151.0548114651946,3482.678583516342,41.31201171875,141.80465698242188,320.7856140136719,732.1400756835938
185.85350466468836,26.80443394038074,92.77743869500236,219.86556882282548,353.7458417248146,1657.867881742251,143.9883961060186,2165.7397580552915,33.658775329589844,141.90428161621094,241.99659729003906,480.8468322753906
183.26021081054424,25.93805062018482,97.54570370822753,204.65914115082617,371.4328125692258,1592.1752885937362,152.33265822568856,1834.5568838820582,46.456600189208984,160.38330078125,271.4463195800781,549.48779296875
209.18828721481032,28.871021866482124,91.92298612229337,231.30452917820284,341.80817334886785,1309.8276114383511,164.02182006254333,1667.4862732733357,50.357643127441406,193.2955780029297,430.414306640625,599.1041259765625
199.47005944016502,23.77234994845136,87.80074096462502,188.4143524636868,328.339730664807,1139.1396657397636,126.49406589322756,1275.0197804840402,38.512088775634766,148.12139892578125,340.3496398925781,642.8829345703125
356.2002111304872,38.712658476958545,106.37946604565768,157.6817180886231,470.8124209605703,1330.853144061952,47.664159507573785,1084.7344946988544,40.73751449584961,95.48847961425781,147.03836059570312,272.4906921386719
198.01861266301262,39.57830871173568,95.11031387822732,143.934293796351,269.5831951104733,1120.1127896333262,49.69469814521761,937.1625900604785,39.89183044433594,106.0243148803711,166.1270294189453,317.1234130859375
198.10255304148373,34.901628346979635,101.4192776053399,140.28691226991893,248.08341310691046,920.8800710917262,50.43784710674946,775.1934380687684,47.53044509887695,95.9205551147461,164.90586853027344,387.1913757324219
634.6600608247852,45.35655830287776,112.85516014115657,174.94346445498485,821.9868166115997,1214.3518156083326,63.2608539507416,1269.7838545351879,51.25795364379883,95.28695678710938,190.6641845703125,463.20672607421875
294.24430581756786,36.84175605475748,113.81411489135266,162.68337980485157,366.1593599213411,1351.0453478310233,48.95778292368249,1419.5095524004082,49.12885665893555,102.2173843383789,141.96774291992188,328.40814208984375
348.7384782746119,46.6989408438655,97.97460082173646,172.80346814707767,399.58930569651966,1086.4213564504412,62.347449727074704,1035.3042197103093,50.09089660644531,115.39482879638672,164.3674774169922,328.7397155761719
1411.2559185255204,56.953420373925255,215.05200066806455,568.0715953844964,1186.2629831570955,2804.424946947545,56.51503209176819,2306.228018245037,59.20615768432617,181.57496643066406,461.5740661621094,1305.962158203125
1653.2839074508852,51.339431639217715,166.20751933914286,490.533368315975,1374.6512706014264,5335.799345137288,52.192864796729886,5038.413703821396,50.348873138427734,174.20962524414062,523.9003295898438,1051.8375244140625
2325.833745434895,55.43538457751842,161.6696949926178,646.3139521301499,1821.386631179529,4041.087216018614,45.98610066364809,3837.2221924429227,47.988609313964844,164.7173309326172,537.7008056640625,1510.44970703125
1618.4593679576583,47.415394913078416,158.46764720082646,418.43131872282356,1383.6900173808956,4030.774102503728,46.90403291186837,4602.5892228858875,54.985862731933594,162.7890167236328,491.201904296875,1437.13232421875
1869.857172038943,47.59728365550405,175.65072179365754,483.9433223732678,1514.465881535559,4521.995797114189,51.531116144415776,4267.72812615324,47.69192886352539,162.2691650390625,456.9009094238281,1533.887451171875
1566.0706978106348,46.52976256840248,146.16556366202036,455.37982580574135,1564.4992065861966,5638.282701894171,45.18830479501176,4787.571660426483,51.35197830200195,154.8173370361328,393.2639465332031,1557.520751953125
2414.13774734491,69.92947127659131,299.65663898602304,1090.3512462037165,2741.4188546967607,3998.900731596364,133.1536769735786,5187.318414382603,71.66461944580078,242.24354553222656,523.0144653320312,1129.1365966796875
1786.356798226506,60.60527276270675,321.65660776887347,855.3637469111433,1669.7722225789455,4773.093807602595,122.17352317915592,6085.940758359349,64.57142639160156,299.1915283203125,616.465087890625,1154.00048828125
1421.7737452721456,62.8655095208132,273.5274087522204,758.698533058033,1366.3908389872984,5575.3584206971655,110.70674399097665,7464.768358480012,62.732994079589844,261.33660888671875,694.3409423828125,1484.5076904296875
2060.724990791638,62.0456391069099,302.73312631507,879.9993125495232,2066.9438115516427,4181.679847869858,93.35172772419072,5884.043493925182,59.7850341796875,234.0869140625,615.21630859375,1065.2523193359375
2447.258926599473,60.38460317602648,269.93397211250243,1163.9909810802721,2866.243476660353,5042.351684558191,96.93018961822186,6143.185058529499,56.737403869628906,243.8249969482422,686.611572265625,940.3993530273438
3009.6733002561878,60.74679360448703,295.2336017495403,1336.124639028837,3303.4371209923156,5191.860597304871,93.15622091651106,6384.60384676021,48.464134216308594,234.1678466796875,524.7944946289062,1083.5718994140625
1759.9235403262503,57.28646677838985,275.3761272621468,965.2586905841008,1923.8244164064793,5280.211097314909,92.11969723175092,6294.0697721702145,52.03590393066406,248.94911193847656,634.4579467773438,1642.055908203125
2562.574586374392,64.58509413405022,276.62806192464296,880.035408198277,2324.7209867547776,6477.203161773058,87.99000212798056,7312.17390567694,55.720584869384766,219.60414123535156,548.2166137695312,1023.254150390625
2645.1759104648127,116.67552336277943,309.3967159520395,924.892050435063,1638.8370992555856,2065.794660151054,128.842556116941,2370.4035850188952,65.8033676147461,143.58250427246094,184.71206665039062,238.0975341796875
1865.32050035537,121.47352707530649,317.5467871978934,809.296565367779,1584.3908611817315,2471.5359622018696,131.83368756866287,2443.920698502095,69.6626968383789,126.0083999633789,155.8630828857422,297.7959899902344
2671.1714368310595,115.63460543675515,302.72706532979083,724.4275910349552,2012.8596235826656,2444.8286544969806,158.4821997796796,2342.3416716211213,80.13990783691406,137.0789794921875,141.8815460205078,224.59523010253906
1090.0926918653186,108.05696311744884,283.4470203237405,764.87281748676,1274.1423972730115,2027.4043088005456,143.16188878548158,1750.797315683414,64.18003845214844,123.40956115722656,118.0854263305664,253.4938507080078
1602.170511692106,105.39849632013716,305.7050251858278,730.5126872718245,1541.2832096362959,2738.13773061627,104.1722530650268,2357.6263421863705,53.874332427978516,116.72860717773438,148.6268768310547,255.62600708007812
1405.3539731830172,94.72722242587115,278.34359849885664,725.6089898404244,1523.735465622381,2531.988990739254,83.78980853050506,2209.56255189957,51.77334213256836,118.07192993164062,158.208740234375,239.84683227539062
1701.0052271247653,94.27982708181158,275.1874244884019,726.771414614776,1637.6527475879948,2758.561271783906,91.49841909873747,1627.5591100717918,45.41334533691406,99.10323333740234,173.64659118652344,226.3299560546875
1325.6518029725198,76.58854009785396,230.94097011341762,589.8329368140306,1561.8180357513634,2309.477897138756,43.452243184961674,2037.6426676483225,28.03944206237793,89.18457794189453,120.0010986328125,358.2104797363281
1404.385397652072,75.79419256256683,213.66548620510224,513.7047631854492,1563.046599144379,1765.8016545287044,42.358173953103424,1697.5990713818053,25.749889373779297,67.8863525390625,138.18272399902344,256.87091064453125
1832.2781133905894,67.99087485765111,205.9114797776217,601.1124955610225,1907.4291162093614,3111.343440746791,42.026908321871915,3394.6000031029675,30.810298919677734,56.98978805541992,125.9214096069336,371.99237060546875
1484.0235742893178,62.307457985628886,196.98337416428495,672.5271490762863,1669.9771367363212,2427.073431797355,41.4434536242183,2919.1225616868005,23.23967933654785,70.40383911132812,129.30194091796875,273.8559875488281
1988.5150816763394,74.75969164616633,219.66024579950152,576.3560041750718,1968.1273485587042,2615.2364514285878,43.40387959298033,2654.9231304762234,25.8300838470459,77.1364517211914,141.7191925048828,473.6526794433594
1902.2523326881485,74.69059154451307,206.3568756334123,546.1826742646774,1975.169758977173,2722.506083243152,42.22765528539503,2623.9953684260304,23.85980224609375,78.1388168334961,119.89641571044922,368.97503662109375
261.6722327532357,48.21999096356417,143.26078176422595,291.385067522299,555.6290903464964,1543.5171324120379,226.57520567615714,1627.261143763046,30.787559509277344,100.22708129882812,242.39671325683594,407.9710998535156
341.4998482740889,39.03833125303157,128.11298983798108,328.90209949212993,848.9837807915933,1748.6699094502808,257.6391501225048,1746.6872127205231,26.919681549072266,93.910888671875,247.1431121826172,543.9995727539062
249.4756629853738,36.57218836260813,110.10120634713151,284.7369097513002,503.6780263789594,1211.1683381411608,254.53307953455032,1140.9505559331221,24.8897762298584,92.9650650024414,234.7242431640625,385.51116943359375
371.09355150314315,53.797092791046985,155.7571869401975,425.80017633254977,739.6537853426386,1309.5932521829343,336.97815284553684,1337.7586347175336,45.06998062133789,114.77281188964844,291.9273986816406,631.9405517578125
326.9668475671367,37.180333720470266,123.9249520635693,377.21993429904626,642.3028077265194,1299.4893461877766,336.78554813032144,1351.5236583903056,28.461040496826172,96.2348861694336,226.61038208007812,556.7738647460938
257.72469588866113,37.65124529599805,127.53422251422786,366.6504742068959,545.0838035799568,1487.5316642362388,369.0408974425198,1386.6891323417517,27.821565628051758,91.11372375488281,220.92510986328125,532.529541015625
411.54120706830645,37.20157149342911,107.37121633763678,328.75762714505237,723.3068100988029,1610.2039788906532,328.261195286515,1645.5763221922994,25.634767532348633,80.25027465820312,221.54029846191406,457.1640930175781
346.4056080867918,39.52705007101969,128.1379795331526,305.80989275642196,660.2879117019511,1608.5940241433036,355.40209786386316,1604.0099304047035,27.989055633544922,86.31139373779297,231.11541748046875,560.2779541015625
849.3611853049697,30.508022734402083,106.37692011210856,295.90024221163446,815.064797056899,2218.9063479731776,68.95812081025605,1632.0822361891207,95.67768096923828,216.5600128173828,319.25921630859375,773.100830078125
934.5571118751054,24.6369559677163,104.69116841190039,408.8652059688632,928.1977693721673,2669.1666269117686,55.82428669730559,2406.7788418847845,82.62693786621094,166.21078491210938,337.8277893066406,654.1550903320312
946.8672797509513,24.336988065532232,87.12697517763566,288.162939344367,935.6243733508848,2908.8414384946586,59.6773302170997,2538.8070456744595,84.60974884033203,201.0771484375,411.3677978515625,933.2587280273438
791.1481753274234,24.486158494369757,125.34151557387057,347.54303548904664,777.7535890742947,3036.819084256377,53.573403177129364,3069.1714882442843,111.9217758178711,266.6885986328125,403.5180969238281,900.3865356445312
903.888575728423,25.347879042281555,107.26012321342874,384.0883566889788,901.1540015583232,3025.580456124615,55.890873372565125,2535.8427802241144,216.58297729492188,325.6010437011719,535.1807250976562,1166.3109130859375
1227.8110640828927,35.01695840008347,114.73378527848183,415.16585968280265,1154.3317143794757,2211.171348646615,41.4722321090889,1780.5667260532416,95.66923522949219,240.67227172851562,383.7290344238281,676.3118896484375
646.6803764382768,23.766901629375727,92.8246935711236,272.48720006069834,594.2189456328265,3058.3979109393736,42.846284207545345,2868.537703508699,89.49180603027344,222.3862762451172,399.770751953125,810.822265625
1177.9693691750438,26.809539467489305,103.36779895887928,324.4389864153789,1224.557924780396,2735.3206813107554,48.36045424630028,2485.16110725561,111.02578735351562,234.34918212890625,507.51080322265625,1152.8553466796875
1068.1570333404586,22.00268577807857,101.25810696691335,343.0816009855924,981.626221517789,4731.349881486257,52.22087593140833,3689.022511743638,70.72511291503906,177.03233337402344,425.9320983886719,999.2835083007812
899.1831541925811,23.359517449528784,104.31008929846789,332.3297786748308,821.6239722970274,4618.766203365203,48.17629145342666,3363.3634062045467,80.08065795898438,188.0187225341797,415.885498046875,850.5508422851562
1837.3182696164663,51.61315626795515,168.9942259572841,360.5843867399725,694.0807385982077,1901.7747945131282,92.93760786339165,1786.3471433374539,29.599609375,87.88180541992188,220.04464721679688,334.4861145019531
961.6094567199884,51.58064846977898,168.43383177379613,497.17635094190194,435.97677125745565,1625.2803154389683,94.45280073401455,1692.7129891903037,29.8341064453125,89.28456115722656,257.49688720703125,252.8675994873047
1097.6319252081091,50.83853581817172,168.95060468671446,364.6322798207919,589.0556860280673,1361.727770006286,90.84814904396853,1417.0614830168047,30.43268394470215,91.77404022216797,187.4393310546875,326.4789123535156
608.0445237620644,48.65318118398154,165.98016945450476,393.71287698689054,486.97107826020874,1081.8199924948126,93.14377802858682,1208.275177745462,32.53172302246094,101.23932647705078,258.74395751953125,295.9537658691406
905.178561827859,51.10083424956177,135.1424645267693,277.03049841425866,681.3366329275672,1034.7906819925797,85.40952975666461,1058.176206350091,27.492021560668945,85.98817443847656,154.36685180664062,338.14990234375
589.0763409539665,46.00357650945599,142.55780245645275,407.2333385853493,547.284468905859,932.9932221658804,98.75203243138205,1172.910183808519,29.143943786621094,95.50780487060547,225.60134887695312,315.71612548828125
715.1734784198702,40.60024885804301,148.66151805186323,443.8966426397373,1003.7056828282684,1522.4540000117036,82.81769350277486,1378.7038415641953,50.106483459472656,159.20738220214844,404.6612548828125,968.4675903320312
829.989502246999,38.659516498474474,132.55220458515927,433.71020001223354,1093.2738590909842,834.3383615040392,89.41545067943999,1008.8182216027732,49.60468673706055,148.51222229003906,431.8103332519531,821.9542846679688
646.0125631891075,40.97393589237411,148.82534786130702,429.4655739085318,871.4723728569479,1059.9817937041412,96.37820346024485,1470.236733068062,49.50571823120117,171.57725524902344,457.57415771484375,998.5430297851562
743.3259401340265,43.698592240316174,138.83482403205343,383.7574382126834,960.751130141737,1406.7592492091023,80.82853654859439,1469.1158833820741,47.968658447265625,142.8653106689453,397.7606201171875,833.5968627929688
738.235596480942,37.92350286995895,138.29540810294716,402.76039065284556,1001.7538910520709,1693.0459465642916,97.88335127243649,2364.596122312101,46.709197998046875,138.48745727539062,418.6559143066406,1045.31982421875
620.2578148914116,41.3394531340956,132.3417647101665,370.0727578625781,796.1897564209124,1906.9820769374226,99.54599433646374,1931.6835395587516,39.06101989746094,163.56723022460938,500.31744384765625,890.7206420898438
607.5105652393077,41.47716376288119,147.0482575419265,371.15148407149434,777.5614957759678,2683.430207258625,93.62599346350989,2508.9923293741376,55.1073112487793,184.41290283203125,479.5276794433594,792.1856689453125
253.9601692438042,135.01919211110376,475.8245204737555,462.2245703546224,567.826341900438,894.1250887628437,264.148263369715,2356.4184851347336,36.86420440673828,185.97708129882812,335.00714111328125,269.6865234375
221.62811355783714,128.7994783249452,396.48868015251736,415.71245823489517,521.922428801045,986.9905092113298,313.63732744545916,2242.4275049146104,39.27728271484375,196.21466064453125,675.2970581054688,279.6217346191406
226.9040961857418,119.44688814790148,402.1644380571775,440.2908623695629,603.1957624227937,1051.7383471832163,285.19865712935854,2550.062119854679,37.56106948852539,191.6083526611328,624.2140502929688,321.9523620605469
341.2114207675346,109.12116045228697,407.5550354208014,554.9892901080394,651.6590276355407,1136.0874313517857,255.39101498736858,2646.3830535582674,33.807254791259766,200.1759490966797,524.5948486328125,299.0238037109375
300.9327162445084,91.12590409038287,317.2801679364013,538.8031397673741,613.0831923827012,1215.009796589742,245.9534844383804,2674.0977874845007,27.314992904663086,151.2668914794922,425.3184509277344,375.62939453125
346.45131382165897,112.9121085479843,391.8411338852037,601.419493516031,845.3166219581731,1200.9165462716585,360.3451934309657,2678.793903397401,33.55488967895508,182.58059692382812,473.1482849121094,498.5140686035156
277.03398721569584,103.1799860005471,354.178324131157,372.95052309270915,533.3064086888336,1091.3108696747843,308.41292942542657,3063.0576869093434,35.76809310913086,187.51522827148438,432.9361267089844,421.66064453125
260.1315890678297,89.29029650568289,284.5828714175908,506.6877107276248,644.1045897895083,1161.9925695355591,277.97946154013687,3918.0804611122835,27.76984214782715,171.75917053222656,465.987060546875,412.8420104980469
257.54260544110315,83.9232568296622,290.3923555270015,372.8883350284847,541.7326181981326,974.0265606236784,237.25796127588015,2914.4463868623516,24.746212005615234,129.66485595703125,471.5677490234375,329.85028076171875
321.7561461802928,84.42031546196984,295.73190170470656,426.1554115695055,621.1501414362616,839.3996692581707,268.3080939024175,2360.919259031847,26.923147201538086,167.19253540039062,416.8141784667969,374.30133056640625
697.683719081367,53.4627981862381,210.84458043326612,581.6810976801554,1427.4605137061722,9967.989160794466,127.44618123019129,4770.436957004747,29.346092224121094,90.30755615234375,287.4684753417969,652.6802368164062
657.9914904079741,49.64722117326682,215.7607020154727,617.7302434770785,1507.6956205377323,11120.386552888023,134.18564491383103,4139.928079264837,28.697378158569336,98.5785903930664,334.3712463378906,983.6055908203125
812.5339964130875,50.34478643629583,218.12358320927973,692.3966071524717,1715.6458489845772,12371.019362108505,127.33754988174772,4608.358027225438,29.058576583862305,108.57262420654297,326.6246643066406,1058.0640869140625
689.6889502794344,47.442029355134224,217.65706769925634,771.6239538351095,1781.2442342952597,11918.485605094587,143.83517403715192,4181.4202773093475,27.48542022705078,105.70747375488281,341.2442321777344,889.8512573242188
1074.4942509539724,45.48589170122293,208.20828584332466,715.277946210094,2539.847887961804,11839.649587836659,131.40333986105253,4657.201839391568,25.880327224731445,117.22907257080078,343.12384033203125,1054.3411865234375
908.1407952374498,53.28305091322865,206.76994646088215,710.108090261929,1809.3624663811504,12110.704233518578,146.29688982520656,3813.474340212013,36.76190185546875,128.1840362548828,366.0014343261719,1068.333740234375
722.5575931495201,45.6799574029664,187.9312137062548,586.8785593341147,1334.6776321240764,16886.071667093067,146.71600892919918,5898.7590888540835,26.575122833251953,90.48171997070312,324.40106201171875,765.38671875
525.9075035901448,48.16527136456307,218.83994317977587,710.7985958370416,1273.1516200988688,16010.100076777748,137.60358014457833,4416.325545269182,25.67225456237793,109.61600494384766,264.30322265625,615.3613891601562
903.9061832469841,61.7173482494164,233.30272547350432,634.6811638776936,1819.0123373081954,15149.372255166812,157.14369372693147,4621.560084276249,39.746822357177734,111.7758560180664,268.89947509765625,815.5565185546875
833.6671224039767,62.257109424357964,230.2061993414302,679.6919578373805,1797.0739223220144,15659.019709263024,154.5279494691564,3840.4767193770126,29.37312889099121,95.97267150878906,305.50970458984375,866.0638427734375
687.5375281895041,52.06978454006789,223.84312391416066,571.9818460863868,1393.4106591047232,10216.04588411652,139.83858288105046,3402.900126726701,24.127649307250977,94.0712890625,252.9698944091797,639.589599609375
977.3963504459167,50.677813740699776,227.04455589397534,751.5488082171439,1725.894274627533,8633.801759136379,133.3053511191723,2963.097390409796,22.585840225219727,87.07105255126953,328.7611389160156,1105.500244140625
288.88015807075084,71.6553795226826,254.32627292038902,465.4640243778416,506.4917651979436,1101.6833508371767,110.33964406128067,2121.04910721259,65.40467071533203,229.0568389892578,419.28521728515625,338.28759765625
340.2830692588434,71.193704196929,279.9635139690519,397.14910434355903,485.237549824004,1453.4196857179936,115.67815784323264,3695.0452376810676,76.33333587646484,263.8919372558594,322.0448913574219,464.56341552734375
403.3581630613943,66.83590271579952,241.2550864861506,378.17917862619584,546.049678489625,1910.3191493039865,116.1697812678708,4474.558391702366,70.66814422607422,263.9210205078125,377.4730224609375,517.9029541015625
364.9715672975186,66.5183279845067,259.93697837377147,346.1025738921115,486.70714793730923,2031.0972270187397,118.96169073399577,2257.8780001165233,56.46672821044922,208.38633728027344,241.42010498046875,578.5216674804688
463.74860609117917,70.75093749413429,275.44244754206983,427.0775313257415,610.8885107195919,1946.6494108857971,125.5052591217287,2075.1988034034634,62.21379470825195,226.24761962890625,316.40142822265625,508.0054016113281
284.55543597969574,60.33603813153405,223.79658563961087,368.181737646738,374.94418419052016,2471.2314040888377,101.13527828491829,1845.7306103313913,54.107364654541016,187.13519287109375,331.84027099609375,430.7164306640625
291.4416144998648,64.60307989366713,211.30236031297187,366.5074512875213,488.32939047394757,1620.198072949004,102.66340672926904,1556.8039612097389,60.66004180908203,201.65284729003906,324.7889709472656,435.2804870605469
361.5147815238184,72.89435033764295,273.5030488844683,469.58466864288,496.5470107900498,1626.162824324931,110.86848525137974,1661.8933227639097,65.95368957519531,233.64466857910156,327.2270812988281,393.02325439453125
306.5047788195523,57.53393077384436,173.88186173804746,511.9550117963747,715.2399678177576,1042.6901786707876,64.43949050808271,607.5483234153361,45.079315185546875,113.32064056396484,224.40138244628906,246.8957977294922
340.4576147620874,43.24319098921003,154.31033072627343,484.8698636644276,745.088377856276,934.5684437215643,54.814843018055136,494.95335811868154,41.60897445678711,99.1817398071289,201.63693237304688,397.2918701171875
440.1522093362109,46.83861041376376,179.24955339047528,582.7849405746448,982.0341222894627,1009.1163512975315,59.637875029990205,676.2232202118464,36.467708587646484,135.0934600830078,291.43603515625,429.5049743652344
425.1482793907515,42.18944089909363,152.87898031202016,508.52452236422533,1005.7728152196424,1077.7222440862936,65.450722654345,696.7261533076418,42.658939361572266,107.94059753417969,248.1931610107422,413.89935302734375
439.18375460938444,46.874230344134446,176.45040210538082,462.4274695092456,1021.90054318702,1161.9499521183918,65.7432355035234,648.284398962839,45.07120132446289,124.07685852050781,208.04656982421875,421.7221374511719
385.74780804934943,51.855346703433405,192.55816563277205,619.8070060197982,848.4612981661012,1165.472151228863,63.48419908100353,654.5605874107584,48.20118713378906,124.21173858642578,304.7404479980469,316.9720458984375
360.7025182309153,49.470359122269336,172.81331892479577,435.3681455491642,849.9942623093583,1342.776050569924,59.683283910912245,685.110518276496,44.423194885253906,118.13788604736328,236.4302520751953,368.20635986328125
422.15142876950705,43.588661884962946,165.85097589573405,537.7542312746472,979.5281493991454,1318.7795491404206,68.57479287567689,809.8148253478022,46.81339645385742,116.91301727294922,267.52740478515625,473.353759765625
617.5470342586087,33.5990258902591,121.2326852056535,278.73978233533,516.823937975877,1073.252020765518,53.2044390821908,1713.875176371111,24.605520248413086,89.85928344726562,141.638427734375,293.81793212890625
544.4762807187747,40.640867732836305,115.8591821023247,262.86673033722616,548.3384113979156,1009.3061997784724,57.97763450452436,1479.9658457643452,28.391315460205078,91.97062683105469,190.40431213378906,395.022216796875
505.21286549704786,29.598782443596054,98.85055837194341,242.87087996429116,485.26670536989275,1126.428876116887,61.11593533159676,1579.547026716614,21.88530158996582,80.73622131347656,160.42416381835938,348.8131408691406
316.72743741832267,29.749064928865728,95.61167920128811,323.5339632647242,558.1206514826571,1508.874605252285,51.171547154931886,3148.905639787926,20.3216552734375,69.31715393066406,204.55239868164062,319.65350341796875
497.14041213921746,32.053029562781774,111.72114386782876,294.24684820891656,612.7676123034034,1671.1059478626707,87.26979874292797,3769.2744823696685,24.98333168029785,92.24980163574219,206.13406372070312,444.2039489746094
536.7664850216888,29.982492047346266,108.8382264178019,290.2123891986023,593.1468281840814,1663.61349162351,112.28448584376484,3286.7742123711914,21.560237884521484,83.93181610107422,178.1281280517578,396.06988525390625
717.7229669821937,100.5213585461502,306.38629329854433,730.499764549642,1108.3615089108669,2617.004463792647,107.99346088867728,2752.4244285477603,65.43574523925781,192.38975524902344,366.1441345214844,801.4786987304688
706.7796911446497,81.58705060609542,302.49120595271273,665.9927932999838,927.2585114711343,2010.5619169941003,86.20143839332415,1950.6297308103158,48.84035873413086,177.28062438964844,370.3401794433594,606.9462280273438
705.5331328572145,55.34981894700487,211.64565896396806,484.048017471389,859.5964364163218,2058.2546242624935,78.12796631739147,2265.906272440228,40.686912536621094,124.61648559570312,337.4475402832031,595.1836547851562
1018.4319534784332,75.01370954130562,248.82488359575007,537.7151699406393,1331.1609265211669,2170.3887194995664,84.8549619380864,2309.475898395299,38.18246841430664,127.0113754272461,367.89459228515625,850.18017578125
749.2902070341082,59.21298445351255,228.5317236311604,453.9934021427611,1073.743501416378,2034.5482488909468,76.76604193296325,1929.9038658019363,34.409912109375,128.6381072998047,289.5299377441406,572.1447143554688
811.20456267417,59.839680447890345,208.8153045337164,477.9440375862355,998.2556135735892,2850.1503688180574,69.54652877138453,2533.9226296694687,33.1674919128418,120.22018432617188,351.7281494140625,588.234130859375
780.832175145579,52.00980942541113,188.87229919104766,439.72075930761565,1063.434404089897,2995.308568089927,59.603164257734875,3005.1615934012107,33.48881530761719,120.40774536132812,379.0019226074219,626.1551513671875
780.5468482172747,50.58120533106468,182.30538031296348,470.70609130315637,1016.4002089241094,2608.948502710065,72.13521083140361,2417.872648149083,31.425811767578125,104.6729965209961,263.2762756347656,986.1124877929688
875.4514380495186,72.78024416829484,246.37762683528837,577.3360690335311,883.7316300008824,2351.558185739591,71.98849792957192,2503.045909098378,45.6162223815918,129.28599548339844,304.26953125,645.3980712890625
810.5822415439617,73.76985137657992,267.35324080064896,514.5591636497174,998.4740403306389,2031.1718012681795,77.38500822446231,2325.030151301228,48.8748664855957,144.3301544189453,343.2675476074219,669.4951171875
2280.14992738871,79.71549936334897,326.7335370282547,959.1014548349356,2234.6079635464403,4516.202604325975,91.56871947584985,8163.27249057252,61.661373138427734,221.57550048828125,681.02294921875,1018.8895874023438
1625.071696406862,73.22615964857546,351.82743942629236,931.6714002157918,1857.8440713374823,5035.071510000558,98.62489899726059,9292.726385564474,53.206668853759766,246.9784393310547,629.6103515625,1097.8194580078125
1301.0900031279098,73.46662351082047,313.0324366599302,943.6411053163484,1719.5045108311806,3386.3073312060087,99.08801602523127,5168.648279196273,57.4571418762207,220.35157775878906,629.068603515625,1093.3402099609375
1311.5996727154215,67.95421963967306,306.7354110254356,922.6712903437062,1670.1563442861568,2339.503332043799,95.05678027050685,3061.6526043550175,49.58507537841797,202.04920959472656,657.36865234375,1188.39990234375
1271.2681538709603,65.69691093576537,270.2338038354193,983.4013951483946,1424.8297063365394,2167.0238296155026,85.18223552773327,2718.3930893145616,51.05332565307617,204.0471649169922,600.73974609375,1083.68798828125
1259.2052752497616,65.25516216173921,276.4096236563793,859.2970383914186,1568.4429488663407,2868.543402138741,76.44045437614788,3122.6131286592813,44.84281921386719,177.17898559570312,526.7901000976562,865.6199951171875
978.2068226072367,65.88766180242699,243.0943915336965,720.1543598916672,1244.953717865368,3502.5590495775164,77.76897592427775,3000.4605510604724,53.061729431152344,199.02842712402344,671.3917846679688,909.4307250976562
761.6888702553005,64.94697190579937,240.1025629392701,535.8732019078873,946.1260016662055,1953.6833536983252,74.56037968263648,2815.2101543847552,46.411495208740234,198.31922912597656,674.6483154296875,979.9163818359375
548.4960779514229,95.12583745822828,244.26317058288578,504.0338666304844,961.519878995499,5925.026551249499,102.84433463727578,9525.298092416602,47.31525421142578,119.6931381225586,214.16285705566406,353.4725646972656
497.84603378190326,83.73403801697563,272.15821829174007,602.4100885980257,901.7604096193982,5615.633804186873,66.89069937585136,8906.679577107463,40.15943145751953,111.99285888671875,357.6354064941406,344.408447265625
578.1192038544162,67.03827083252999,262.33319421447715,642.9670845320278,1117.7235059819845,3455.126645023904,54.962173451914616,4530.425448948839,31.975465774536133,113.56304168701172,383.932861328125,491.8771057128906
495.35767699232093,64.04775327470996,201.7599484360128,511.7353215920936,977.5084164107873,2420.6480309784274,53.62141950508532,2217.2145437887552,27.295921325683594,126.29307556152344,476.7909240722656,344.7008361816406
525.0588231336163,67.40679183653472,232.31188315722707,754.2254188749337,957.5857162158615,2351.0798256329617,58.09048594951927,2250.9054923036824,30.784404754638672,155.08297729492188,645.6532592773438,349.2557373046875
549.0748516797557,61.85742983427696,261.9640528861464,842.1416078919935,948.7478420302066,1950.9302558931442,56.14641342029153,1555.680387907851,25.069381713867188,161.78488159179688,677.6192016601562,482.0386962890625
650.171391588238,65.71257307849726,268.7437472912377,847.6825150088212,1106.0944747648102,1861.9048940284038,55.56762215547733,2152.9235914382307,29.39574432373047,157.78330993652344,604.9702758789062,473.32806396484375
634.0431212412933,55.88271985899529,194.11475924448766,669.0821291115466,1255.4297795974298,2059.6987315752426,46.07380471835679,1682.6110223445985,25.1075382232666,108.7254409790039,428.4383239746094,442.8425598144531
489.9351370370516,68.50345597217219,234.49363894962977,808.2855796907198,882.3811937269795,2152.376812969539,48.783822474163415,1624.6845175012259,33.213890075683594,147.96043395996094,680.7869262695312,413.30621337890625
501.1040785282244,48.40585341694785,233.7870252431525,675.6762122315602,988.6776757804796,2182.982285376886,39.809470270665415,1818.3992859365483,25.080495834350586,127.9242935180664,593.3980712890625,586.6640014648438
517.1211353849001,68.51094127170853,245.03809282087894,652.4189164713595,955.2042356557652,2637.286557086666,66.6966258163128,2219.854963236702,29.233858108520508,141.1017608642578,452.23919677734375,496.4911804199219
956.0115737047482,57.37027655995314,250.93157900213623,753.5537382187811,1063.8405814374835,7171.27047865649,59.431881956229724,4361.320813302112,31.974929809570312,99.84729766845703,254.5446319580078,560.1983642578125
1323.4438058037433,48.782835693537024,244.1441990072587,775.758509140637,1316.7891854359657,3597.875095114968,53.96967955863606,4134.554088653175,34.182891845703125,119.2154541015625,309.0829772949219,723.5518188476562
1074.1699376873057,52.30533265691232,255.24521103173274,995.8147148143388,1062.2597916854284,2945.44461762075,57.18000552389042,3816.337460213273,27.792333602905273,116.27986145019531,361.7179870605469,660.1683349609375
966.1495927650349,44.36672570208184,196.5258615588762,738.1406819911901,1056.69249850696,2925.5786853389277,55.07686800397122,3846.015234037906,24.328529357910156,106.56995391845703,388.58935546875,694.6585693359375
1244.8021231699395,46.51314852900242,220.5393663015428,680.3165844687957,1262.7029478719437,2814.355269694942,56.79302236222259,4621.299308069147,25.414955139160156,108.14752197265625,318.2267150878906,591.51708984375
1118.328662117293,50.4875069244012,180.5841777114885,535.6524969586982,1124.6306517098258,2967.6921674001087,69.41184545342942,3578.7315454249765,29.98432159423828,110.82958984375,379.8150939941406,719.0852661132812
1219.0178170912568,45.6954441301884,218.9561729041206,881.914586451655,1224.9771245141847,2561.907382861973,56.67896524918043,3491.0431399924637,26.71000862121582,103.9718017578125,377.9839782714844,706.7224731445312
1114.9387976514467,45.63059739695123,200.71561488792943,811.0332840917488,1115.3964324567125,3449.1972416538338,53.855182287655495,3361.1712698642054,26.567440032958984,103.90863800048828,370.3186950683594,563.1740112304688
866.3958876362448,123.54858501088025,416.01800777942833,518.2592386212567,1393.6034931523957,4105.119683545005,59.808700068043734,2618.4915995659885,68.47550201416016,209.5342559814453,404.22625732421875,1477.684814453125
1069.4312484655563,149.55070363647937,427.55470495054954,785.8634541302596,1470.127480587199,4865.719746983469,78.70886220793419,2694.855333189303,81.11437225341797,275.3485107421875,783.4483032226562,1710.1044921875
702.4662540847339,152.68221884866907,451.32110643855157,546.6364829868228,1059.289232151588,5100.21187405751,69.2694653910551,3717.415769165146,85.2666015625,264.822021484375,299.72674560546875,1052.8289794921875
721.322041753447,156.53913111460363,457.7947856817974,721.4477148451156,1147.4099377417253,5087.085575223199,89.75254191851407,3661.355810402373,78.59062957763672,288.47900390625,1358.343994140625,1951.2769775390625
1221.8013197296161,130.4802834823309,452.67694570462567,791.7429572066656,1591.2820492751853,5880.791801306399,78.2351870068717,3810.678070280683,74.61605072021484,279.156005859375,1036.121826171875,1478.097412109375
829.2504682360135,125.48261933630579,443.65407770445637,607.432268990813,1352.3633495381696,4122.614420334438,59.03323970753662,4307.76496726101,49.36351776123047,199.39678955078125,461.8426818847656,1099.9598388671875
814.8798030164165,137.23242216692898,447.60025862850847,630.0112313905489,1438.8257481545515,4638.342317403535,64.02276068661368,3650.7951716600232,57.14982986450195,184.39683532714844,382.2787780761719,1085.9931640625
983.723141897357,134.8337313507115,413.4577942820973,648.7244559867526,1743.8927375375326,5069.117164491743,69.4171417503021,4069.5305421364847,64.71744537353516,191.2066192626953,347.0199279785156,1637.8619384765625
902.0000171513299,137.19902138661593,411.87249648768045,586.2627271130481,1225.26602546574,3448.538494535398,71.30260186252265,3654.9159511638404,69.78778839111328,216.83575439453125,477.8027648925781,1202.83349609375
880.7863162994403,144.76793592173138,448.3571813459864,646.5731627081077,1270.2998344487808,5538.5081936260995,57.32331263226119,3823.911709739032,48.55432891845703,200.52774047851562,829.4805297851562,1318.8603515625
779.1517009067483,100.95266404682586,318.2623526332555,584.1201115734739,1268.0775680697595,3600.303924989137,57.33544295759578,2985.795328438959,48.32279968261719,158.8512420654297,426.3526306152344,1083.6953125
948.7241715414722,124.23486611290092,433.7816235122619,744.7341693977661,1476.5641042516397,4558.962328731395,71.10421983866954,3126.253483504512,109.0927734375,466.08282470703125,993.510986328125,2129.882080078125
196.11757215695226,49.09476974180698,136.82294541073574,193.47142931544803,406.12351222463343,707.3117517002431,87.52389306970174,814.069552320049,94.15386199951172,274.9158630371094,429.439208984375,1049.5416259765625
214.34535736245184,47.86617709190195,123.77484928622499,259.60747184656196,444.57875982442164,998.2653819704517,97.4232276174883,1138.7862067488243,75.57662963867188,338.112060546875,658.7109985351562,1588.8045654296875
213.12825141973428,45.28944655994724,124.38110071603604,254.59936981994468,403.7065845755004,889.4572497039628,121.31898636879507,1024.0631256125591,90.02063751220703,262.518798828125,582.591796875,1412.442138671875
230.94299346603302,45.49829300387929,116.76311027792487,191.48462293250853,448.87358941645516,779.4926506524234,87.93580542420425,899.7426648159858,61.70170593261719,183.9927520751953,339.89239501953125,1377.084228515625
219.11477028582757,47.732041044042276,130.35109760277015,253.92819546609758,420.0370266077328,985.5887985496965,100.38057327160693,1353.5017094815016,60.66276550292969,226.55284118652344,401.4162902832031,1170.1060791015625
299.81165479394986,33.8843545864001,93.45854862632063,211.88023347498867,583.0825817957324,1030.2688549323311,88.55541451273682,1270.4002608538624,38.48868179321289,116.19642639160156,245.501953125,695.5082397460938
184.8526005213943,42.13830580237941,139.91445570196655,248.8588839519372,352.6790055869954,876.9446535701566,88.42270179969701,1014.3548952109002,92.93144989013672,245.86529541015625,668.6401977539062,1246.337158203125
176.66691302913105,33.72997687174181,109.98312992175036,215.02513625678532,413.06057597538097,899.3476913114729,86.00467711762094,1017.8626028658852,36.849525451660156,133.7548370361328,308.7247619628906,761.666259765625
