0,1,2,3,4,5,6,7,8,9,10
19.435629098598532,104.87768450376461,741.4914779736039,1675.131127577896,6278.958580083525,6579.181943897158,1617.117708638621,19.24299403869857,85.17059906340242,465.15588139552466,702.6590534903419
19.801279051229358,122.8581998709657,683.6504386374727,1611.131506346787,3025.974091657748,2579.840071438501,731.9322276388605,30.138667009627778,95.00728112945703,506.36545279459096,603.0886156406874
21.544820521671983,128.91812222872977,771.4642744213343,1646.8620311425377,2013.1573261618614,1648.3390031891568,474.3309465536537,16.172063144789718,81.7792484973009,379.2500081102674,424.03837467186776
26.602312562531246,146.61105107898766,841.7708864537999,1876.8479690290987,1531.9232875611633,1404.575964321693,446.5619299508786,22.03340637414051,93.17358567902313,376.3091682561595,625.8340443777852
27.063748670543035,169.9143992033205,1070.6251426387266,1858.6653939497965,2580.54738798365,1880.2075978256764,651.6750820210825,19.721312661393313,61.75589635827053,454.4732850453196,518.9805293930694
31.26114744037234,208.18394070646414,704.4489146448517,1526.5690163339798,1478.5127047300334,1129.400262786386,666.854372022363,44.851798747704976,258.81641383556416,909.9562870975739,1575.2716064673536
33.89315760227812,329.3020095248163,1178.0024648647134,2037.301306823889,2463.2937132765846,2013.263928917547,1359.4616016652433,80.71727635581433,327.07420092762914,590.2914670369742,1749.0848176882912
36.72487174186002,283.28319912986865,2372.7521538129076,2066.2016670427593,1956.6116162575781,1378.2482156337549,1358.6315185520796,52.28726784306733,266.85750668086496,986.3310212749057,1851.6678154130154
37.91431381555351,398.52281565799296,2329.526159216805,2439.044463276242,2793.3264180161054,1599.6178559781981,1949.932366075615,66.34618531364927,442.8364405044703,1842.4935018800509,1507.9201465997226
24.249671672335047,271.0197422657317,1117.0708972703044,1455.2151056615014,1730.8708031307906,1100.7677552144355,1316.9794420525432,47.309301964904684,323.45311023939087,713.7633997683879,1185.5018798941744
26.41390666604275,215.569463967171,952.0857318411581,2423.3925397495427,1974.0883496627214,1403.176295425743,1550.4139510209982,34.552010675712765,221.3018545566204,658.6210730440603,1786.6563554424793
28.621751086495347,229.8643702152961,1419.1097178460718,2386.66184985886,2458.5455034449697,1387.2950480856623,3463.648679423456,49.345575216376645,270.20925107998966,884.1848478096847,1570.1491886315246
49.75233011025314,126.7835535230115,700.3062066400113,1795.1696306377028,2462.4736676265793,963.4315032530574,679.5609515135486,46.51579809002578,177.57807052570084,1117.1608246206306,1881.9933059923349
42.33396697543988,166.69086849039496,1072.8359322164517,2526.8441991408663,3643.8485152286785,1144.3564657643435,948.8952066948015,56.24020283215698,258.2677560241621,1562.30400447237,2402.668150573969
34.76812752532229,164.60168841807172,963.9017155913946,1990.5881958951552,3063.617248555024,1138.5326023809612,785.252921412078,44.7772607258715,235.54204769946227,1476.4661043612286,2834.699309584995
27.92937728995457,193.59328799292172,1005.9928763088149,2381.7493762640906,2885.7909893244505,1076.4436451705794,1131.365890407314,40.359815359280525,155.59652547731332,1040.6576455297568,2712.741650597503
41.091852801677305,184.77910015182957,956.9123646405836,2805.2336623538285,4566.965938657522,1950.7726612711945,1567.7119634971018,49.79266782615255,187.66476923060446,1195.9005101320024,1991.5524908142784
38.97539378711856,165.82225683752523,760.7532067710223,2665.7879497470954,3594.389758336047,1320.6559845395386,1520.4663705592975,38.009283007573686,123.51177317735466,1152.4060658143524,1800.68340361584
27.52712299726166,117.2685273189175,298.67025583159796,413.6039486414908,1268.6212032797434,2727.179458748549,875.048251637568,25.361279872631712,95.20161006121391,180.789515613229,309.58333804085845
24.442378268484994,132.3076832164952,374.95501777789707,459.8707480820206,1255.7489086476464,2414.997929409767,635.7992026358843,21.05158456002755,101.71574311989389,195.90952959280304,306.68858239807497
26.030280739626807,123.23812172648223,321.03443450344884,486.8384738109695,1104.5911740756903,1891.6077887065087,600.2551771464446,19.763988145799278,91.66818000105559,173.814844552932,270.106567664848
27.60787831938069,131.3109281026506,344.4715462745322,384.53723805964296,1559.4415459043034,3052.9388261909285,954.7785860057921,19.253353507384112,117.09315955820541,243.43834028109754,251.70391391939484
24.805679745387653,126.97191860268259,338.0535820516137,421.3530013053678,1552.1179536394777,1529.9263244643807,2235.5640467510866,29.5520233756979,148.54718490179462,277.24347935539356,287.46526062465273
29.128750285385948,112.00923314302538,437.5895146697294,730.465494486969,1005.591233638115,1903.6406486065437,170.75088978523854,2.4048566403574414,10.583153524095298,40.73707872260517,42.72554228497514
27.105960492090766,108.99440029478865,434.7222019563584,864.4894683201178,648.9192496387598,1464.2285153182843,157.24248360004276,2.353366173710583,10.753334782197271,41.619074793382126,44.690187760987705
26.74656450691206,127.79886587926981,439.67530026868917,601.6798445961126,712.0488275171567,1059.719661661734,152.43671246975038,2.542707574648526,10.325284057418685,47.3244417712946,36.81578795998939
20.009453513271485,110.54772080328743,368.279587927158,686.3757271037125,656.3791039381176,1073.5763091659173,181.4014937058091,1.6641467382020587,9.523060745701514,34.76348634211414,48.60681516500578
21.335148212121567,112.63075598390424,368.4271550052411,566.0829252731055,654.8347611809148,1041.670819238449,164.3635953737733,1.689845300685344,10.71063551277075,44.08522350861555,55.6869491735706
35.69831208817777,168.94163260333397,719.4200864804443,1847.661010611802,1408.8632322282842,882.4057463947682,1168.1733314314235,31.435255859328507,102.7922058031545,466.1006779437109,987.1779777047536
46.85803209360165,198.8835119656481,902.4795844752031,1819.7176211650171,2444.924454011644,1263.154982239008,2316.637499760215,30.005644961381524,142.28763685635445,493.97161550129135,910.7887538146847
40.6168558345186,173.17157346123713,857.992239250879,2228.227843724191,1851.534377231573,676.7765877225125,2458.2970286899554,43.39323060028255,128.28307660100108,447.66778238435893,1016.0876687439157
46.378628357032234,172.66120710085187,751.1253036425138,2093.569197628026,2529.5389775335784,1552.3961654316322,1219.5547602353618,32.67235204204917,122.48453524681584,432.5229141768844,1071.307097088856
117.28357602551112,1029.540828088337,1367.6990534858778,2277.8664210649827,1430.3105005901307,1030.2897194121033,1229.4596220646051,26.79560587987847,117.1631914965886,330.2123976019599,609.6217165226117
95.07117001388299,494.98457308940124,1192.4999327717037,2112.356797270477,1048.6196306509275,919.0332228578627,1391.3852588844793,34.29658301367938,123.33768516869168,253.46635276804835,682.1341004829543
72.34319416503422,512.5881660579082,1206.9647011047539,3553.819077853113,1777.6161374803632,1141.6234620598457,4577.925716754048,26.08546458794929,98.03392725106096,252.09830654241762,747.0474085235037
64.42640416256229,472.9288137710342,1128.373503490351,2510.207118117561,2297.638581661508,967.3175355338801,2721.422339737726,19.382643816868946,137.05408534443023,289.54366061863647,434.7344817087675
75.90165808606737,629.6052527153709,1143.991973634654,2218.214370323345,5262.608989984418,1074.2311403928325,2790.109229495749,18.96126874105539,81.38079607997011,238.5316450798418,391.9505112896053
20.224542443058454,112.49909962520661,579.6355292446291,1676.926432965944,1453.6564970724282,738.2272211605061,1426.305584104111,2.8599618844358092,16.963994689898147,56.19561211338926,179.78903092083056
17.372899108333513,125.00730510759844,671.3180319758442,1951.045852176224,1456.2645659626771,730.0931210977335,1886.145278122276,3.1422493155065845,18.58789358536766,83.79560874782813,225.93851471498297
20.54852667446054,99.64817875936083,633.979114352027,1793.016563537841,1825.4220872695248,985.1442558172469,2074.512553314368,4.0260124928245205,13.243614685188124,85.47349497690448,211.06411603225087
22.232011159484195,159.97459239276458,582.8310380155065,2007.87187024268,2902.3458175050714,2433.4507699756264,2969.1715694529316,3.465326381528939,29.660589162856922,107.64849304019785,268.16401491182233
19.715609298170115,144.13319044059608,533.0327757515479,1191.0899344279119,3295.9102658331394,2793.2381016804525,2227.5656242885934,4.719978057868805,25.43661431240313,85.65893627639161,152.50964868825395
34.147272341826465,263.2381915152073,1212.83972761423,3183.2163754316666,9331.372863034407,14529.797752474744,1027.2528421208262,17.25667020207523,59.03138677863171,435.614834698538,1170.8546597324312
44.93886047792815,267.74586684711784,1412.4864549577856,2979.083597759406,5472.4573687886195,5705.403067139287,1118.5283001543332,28.702425406978968,130.047513408567,611.4225079541404,1401.1658738187205
81.66422899447691,427.3678600155399,1295.029030919075,3288.117372482394,2543.0104073689627,4067.9634416401386,1137.1208491946259,112.99009501918529,269.1584818204865,816.366476361174,1475.5145567776633
50.949426774653446,281.8889199708161,1791.474789411916,3844.133402264987,2873.835106971363,2718.222378170739,1406.0712818931788,22.154481978475815,117.51454668533793,652.1753738461217,1413.3420774796978
33.64757881460052,218.06663900837884,1149.1103624310344,3667.7938915956765,2177.8879287677505,2338.3004559750357,1105.3479730002582,23.92194031985612,121.65356353763491,561.1611128915877,1580.6410313074784
38.94047193127335,274.6335629665021,1646.4946582720925,5023.373857674499,3888.6293472461393,6018.32343895485,1377.445397540927,34.17980462114792,152.11007021877353,557.8529520029357,1516.191095577553
45.43109679885674,334.3551353984027,1593.3453292294093,4674.1349703023825,4012.363416985919,13238.535037659107,1211.6982824026295,23.981849691971245,96.91658198493434,508.18701249927585,929.6992571448596
40.18736115755746,294.569323370466,1196.0156706425669,3569.0507463142276,2678.079957505067,3328.1816583275795,1234.7456813262156,23.03866917398409,103.68220674136924,643.9965745816007,820.3025820621599
31.10571697631773,98.55790893064113,371.33085118785186,886.0698831373204,960.8817219895619,2025.6169672061997,62.186958037278,98.32639066289023,222.7353875057597,425.89423854326986,724.7144709550776
35.93358949136746,102.6813371735819,409.15937030734494,1017.0429245332878,1093.233363027995,1763.7719496240218,60.74914952402469,82.4457465961362,212.14794521313158,368.41662030511844,721.4634819834803
40.270038273466824,124.43606626813803,349.75616123915336,955.4214076902717,918.3092494349305,1553.0120813529938,74.30846611631569,136.62259257825158,263.48756939659745,361.6896795771705,513.6416517350201
26.222722609216966,130.68050956982188,386.1386273456349,950.7474279693947,992.9342626333236,1365.840115170305,57.14376428901838,124.55541822147642,246.66517520307872,343.30682014177245,814.7903758636676
31.73485623419886,127.34385893882427,417.42470902767184,1166.9396710743504,1085.891919348389,1808.0192119137691,54.142106754123226,110.20731113653649,236.69899706571596,369.366316973387,688.53909426881
24.514055884331658,106.19257674763017,429.60986905312166,1245.2978222155944,1018.7345843153694,1813.8443155934413,84.06971843156497,109.61064412700094,243.3532449948252,298.83654576408054,658.5931084735009
23.88644117785346,113.57772186009,380.91938156750984,1184.9732424054914,940.9742993830391,1736.0339087098837,107.11741443234493,130.95088804266803,197.59464164351812,339.46723312566365,788.9306908715516
38.04659211651112,172.59407829574775,445.3971653822809,522.3930577486753,1303.514471558854,1449.0205544587225,862.5913017916803,36.91920340228535,136.52654814398073,495.2600550346542,711.7699539408397
46.04699425410945,236.47571338293102,477.59737135019776,832.4645386644017,895.6354574989527,1556.519043887655,815.4441042986389,46.02471866912674,131.08404523790034,432.1966392508863,768.5766318617389
40.096244540880434,182.31838822562713,356.6191503090862,775.0253132525831,935.8765618819742,1320.5892521888018,530.5744394094993,43.532360590242504,121.94675635182647,719.3474113432069,617.688099492186
34.655416319573604,282.1492569949187,1415.0737523846328,1816.2087330799548,3078.97430089054,3214.1076405942435,2512.9673653903105,67.71137607579779,359.99384359666146,1917.8887981416967,1835.888715631018
27.60240778813992,259.78075378316373,1230.0436058261741,2797.8026622502753,3234.1441296351454,3046.435197508583,2026.2757706989844,67.16330275971752,246.98063359743293,1392.9283075093601,1594.6950305098046
30.724605503002138,219.7293655942097,1277.9761232072487,1770.0320116750274,2006.3099340895806,2862.176357038319,1917.0351941771805,78.48401712080036,306.4427489986313,1123.2991398364927,1470.8218025332317
27.213240700114206,265.60010214681586,1526.7451380680625,2481.0877598257116,2253.449564284334,2554.2572972923517,2633.105483515809,48.56020141631112,278.5169863475797,1529.440831294749,1757.007524799245
26.759361875340495,279.415909420369,1613.5265737123168,2328.9340085716294,2973.696386564523,3711.0823398604985,2427.6347262418517,59.11890186719636,298.7453455225914,1713.594371530848,1427.6573503691084
32.73639770768932,311.3792206545088,1716.25826188984,2540.133195363606,2419.0133356414735,3226.908174096296,2283.9450474282103,47.68159475354817,284.4152826769083,1556.6223811975992,1482.3248907541856
32.19281709782081,211.6636654169803,915.0980727371449,1295.0844964493685,24311.343256505825,10963.796609706556,3270.9369064352163,16.893481901696454,144.97090003979972,737.3121877131051,569.673679230269
44.43667493275522,191.8944100178002,1019.0886659341243,2255.5506441580756,9021.475286575656,4425.619799738749,3858.413519931337,34.28463506324139,86.79359133403341,696.0045393685964,726.6200675965908
31.558134709174432,199.71643241269823,989.6640624705082,1527.0377009433382,4647.292723556359,2199.8928560353816,8720.75600265463,19.486449886792492,134.1791473683455,808.9827614531387,720.0389387332834
18.61516606931885,129.07063769277497,657.5063508149082,1948.98634108901,3839.9676209290824,2004.229244633267,4379.47478745381,16.99006222069632,123.0239005016289,837.0583867091531,598.947609269293
150.039543411287,354.0249483767741,957.1056040396604,2351.4240012144046,4638.580674812197,1936.9984597029784,5144.43319496264,44.53266752623312,108.27633485851887,421.48855447629467,663.3630871449907
35.7104719257865,210.0174510543972,1016.1035241358913,2350.8839552930244,5146.525724681715,2690.1313872324927,5713.3407020395,18.300934005763942,132.97910426590533,511.26774117478635,920.2172421530511
32.91999900785353,192.0654306488771,785.5704008173973,2263.9251160155977,7774.856180938581,4502.8594707828015,6854.453441912929,12.940495245182925,102.16217570210088,514.6119354931482,663.2676401195737
22.83434615443305,185.00896430946887,1127.0572173989688,1791.583770621878,4758.606071766466,2726.6747880702214,5131.047069955617,15.037576001224807,105.55212189963396,646.0198335575406,615.3194545987062
28.678064721102903,229.35093202872667,1181.6518407423669,3190.8412812761962,5447.3203699328005,2734.726223288104,4576.354477529724,25.855147065000587,150.16054403632006,944.0115796730776,776.0721585233696
35.62379308411619,154.020614616243,672.8515581999284,1288.0438904212788,1186.5185387848564,820.250859095094,522.6733557324236,5.864235516734576,18.160286788457597,56.19064203434391,112.75721744005568
39.02358387815184,169.15711220971815,819.1276763038865,1652.616457461069,1122.0816922876982,607.8005968664463,431.4912964768397,7.081994883670026,35.690068542058725,87.6214576588342,266.49992871206877
44.49226152094585,199.43150617504335,666.1102647439111,1594.4942014257733,1252.5585579803835,625.8617967957011,520.5348109826446,8.089378699570563,25.502383025326704,58.74898838663162,167.8550375968528
49.73707906516695,205.58549205550418,788.3607437066578,1803.7750902924065,1232.8487134252985,521.3896261663176,568.7456676103175,7.786749956997178,28.178896331805543,72.62349861187977,123.65876536257565
37.100172183689814,191.1086623839219,810.0220115913543,1703.1052267340324,938.5817391757541,501.2048673999185,343.37147304539883,9.755446899654391,44.74498637060606,91.30727167942678,195.30031104587638
39.351768492784075,211.2862564805643,911.0528151394487,2038.678984578078,1742.3624583004662,1040.0950214713812,719.9451897589801,11.539729485647209,39.73876563315085,97.1497716162994,210.11032768540704
34.2107356407602,171.20806525389585,732.3241949565709,1601.4044042546302,1516.0830366152027,998.0823246805616,1058.4153591115028,10.513850100417887,38.89625237356813,89.65986757729357,188.58152301446535
49.736820510108366,213.2979775912827,939.3268114607782,1877.7743685133753,1463.618573329101,1146.0568213115134,1183.4874068684876,11.27658320975873,41.28216859740496,101.23488703331289,195.3870607218317
44.98228384687293,185.88400912678722,814.4319956779946,1648.4982879217716,1262.4677480608225,749.721292939658,1204.8852007761598,10.161310922396902,35.57972137976685,119.70086673172773,333.2622978176611
42.300858503518,362.646036672367,1214.2361788091562,2309.474790604785,3187.7029604651034,3440.0136969853193,3087.571860448147,19.707419199490683,127.9819760711107,605.2980473993811,651.9559843655054
50.953859837046664,390.5540452854475,2434.22089027365,2539.1391724043833,2038.9120435180762,2417.4691200051457,2086.376252951721,19.37033300079929,90.50259632086575,515.1495182376821,477.370843853103
45.4174715016076,402.9649653986562,1523.0376647732533,2245.502721882736,1806.1481572445482,2001.8648671930034,1777.9025283207495,23.493697466772574,150.12527156662446,846.3155678229716,488.63443075950875
47.03180294142415,406.52815764517675,1716.5431467425078,2910.294391096259,2170.119124488284,1812.992795438816,1559.9516078646604,30.52721297747363,120.93786706536291,500.53337900193094,620.9781128792092
47.69285264653929,443.8613763572454,1301.488831376657,2575.939292775467,1862.7429497142632,1834.1694676627712,1312.2685693713524,15.913236195619296,97.71214234702832,378.0662763878548,587.8405082277022
76.795897368526,611.1422963311197,2197.3595953872427,2537.7700719628483,1852.7313342622172,1608.8016132904836,1600.5380610904344,22.592597815472494,164.9644012138815,336.49920597090386,468.3245089311773
86.8031840204106,244.97270243362675,1062.4032598797544,2932.8472876387336,13278.198679096993,6072.424360091487,17161.345123237,9.534359039595678,20.371606845254064,106.81525647440381,238.21204762339278
93.34102209925186,201.55645665481762,1125.4995099726752,3198.868003195773,5206.3605332151055,2940.442939485112,4627.413555594782,14.051249039240549,22.002425762633113,87.92995313872234,267.70417050551623
111.19113215594552,236.4351164435502,1247.5571749766045,3511.254170987755,3340.7741007730365,1531.4927848670632,3427.4850473962724,12.831340294925514,22.299885044873612,148.80533204910654,388.47699543756124
80.63429229039077,190.25568363829126,1103.567148671175,2999.2085139310607,3768.979399610311,1757.6669129263607,2308.4145748149604,12.691599533252884,22.586165156888455,135.10951550895697,321.4707915920299
104.49122684974766,242.51815533255768,918.7457343010076,3450.26013028125,5405.698321511347,2596.022409280761,3503.773486413061,13.93706565290025,27.130014844265435,93.4774577851446,365.9969625673257
85.11504384595901,190.8261357139369,1281.0592792445482,3856.0199435974155,11762.101671797533,7608.508456584066,5655.090830927714,10.758682692781804,18.17786413472519,144.66867470523962,405.78933540064213
40.946938773830574,160.2210767964813,676.9536994101169,1096.574733666765,1502.6743539826323,1564.2075876444576,2073.635120557,57.60368242162318,152.2424597731636,633.5681730827005,556.0451927900624
35.76712909987691,164.78560568683315,642.0627830084413,917.7664662742366,1441.6562667321411,1197.5287190508097,3654.3249529991294,56.53863246536396,156.98632062188213,913.077595169423,690.492243361504
38.083251274229646,161.40327393546858,552.2934012898088,920.2216983684339,1471.5566925257444,1147.8595716431737,2475.6122165542715,43.95441066172498,162.2609009547353,656.3340324723006,839.3642109449331
33.461921143917905,171.36480557741984,645.987102759226,1029.1862122096743,1225.7598782874024,1020.0885487332321,1754.67244545122,32.75633659245068,157.1501429302055,531.0401129533226,753.0739955619598
27.196009688161816,162.4472849648058,477.04613122759235,812.2734805891911,1718.2834892192232,1198.67682326554,2071.498636084298,37.24566373091026,152.4074775118691,257.73633901573095,708.013348243665
22.108796169651516,136.78193078774103,527.6066207921442,855.4583863485605,2557.7047486367323,1424.865757204592,3482.148284108688,26.46894108567843,120.70929274518373,386.96992380486336,947.1327707661936
34.549184243740456,189.08640291896882,574.1665984536132,787.4768685759045,2759.836532341316,1070.1349954015263,2857.0624025821066,31.143928017983853,177.1702234923966,605.6105277110279,780.5207057354662
37.91990869324218,326.9552820597746,517.2985362293355,403.2330187333282,1313.6322226884463,1363.638400995483,1766.388654547433,14.045666152378544,155.7566042428346,294.0180352568471,291.31557073552784
30.407016971036988,272.8388466928154,456.74983083910774,561.6319528821234,1194.1710729673505,1171.7032238418858,1888.0961414364474,12.980534706322942,88.05480716127688,249.72971608330647,292.9749506403847
29.61396691457776,260.37705642264336,394.2461605477535,408.6836049943231,1470.1623439838486,1687.254676122839,2439.3890383839603,16.708731167178485,112.37226766460662,346.20887991343625,345.4856112675431
49.54734217998581,532.7633113776294,808.5775454075385,527.9128322519051,2387.584867430851,1883.2999754312136,7563.3616311301785,14.03538247225515,102.4317064146841,296.9840428945996,288.7838930993652
45.55816918626563,316.7938082287825,583.325992052288,608.367724343203,2503.455479293751,2607.1775974476086,4364.460136802866,17.656976402106615,140.72831958176778,491.58596939686686,565.4550439699863
35.152714114587674,259.61595373775344,445.9057045956142,482.2396730364611,2076.636229673711,3973.7477590454114,7666.6587684281785,21.05904924966065,126.23289092181464,644.4362829966315,493.66010756868246
48.45285942533519,327.89277017646236,874.7013566158712,2283.0225654387223,2539.710422998915,4000.0704742983608,2308.106445407495,11.228965737876326,71.42610212230647,274.25719610310625,837.9715547645462
72.59530368321671,341.82422072909924,872.795045699148,2209.0267426396404,1936.1852829965453,1956.7311065656443,1205.1660955424109,10.621371050355567,78.3574399381517,218.12139413051773,809.7492907408935
67.63470578352766,425.9435846910734,945.9866084659782,2512.618648061529,2785.191939530273,2475.3169055233393,2450.7223365046084,14.466446102034142,91.70333399292335,222.75070463648686,829.3511958356634
119.44614696910138,502.3321716247399,1148.3719229799074,3209.2967868229994,3503.905880545576,3031.6374362607794,1769.8303010451295,16.067906143368113,82.56485616344919,265.92419285327196,1201.586004267136
68.19119744949663,406.7128942953228,1173.1657911781222,2608.6055782151716,1959.733595040937,1698.0600031812985,1725.7142611642678,14.866180227463094,76.69187424735962,315.38029748313903,732.0324306196221
64.96831560584056,385.4811488051588,1066.6775955848084,2256.4634140084186,2376.6970628233003,2161.2455395845072,1308.4627952128649,13.406981398458203,67.84351223421496,400.6700558003504,890.9696739989643
73.28925137144203,365.73703842687735,891.8213492920622,2853.5587865362563,2376.1976878742375,2114.162357918918,1322.1072116990883,24.991658588873783,78.10920611574934,351.5740597726156,1287.7226802523558
21.250844632634347,116.32154379373726,858.9233709732069,2229.0157500822093,10066.631100979943,13382.270842527347,4237.295158628374,6.950326814158567,31.027847962473366,100.82359711066236,143.7826362075284
39.78701315737756,144.23920822877938,641.5356652822035,2933.932780840123,10368.67167036732,12917.382407993078,3384.451829719046,6.445054555842944,24.623644927344383,85.04283387301257,208.19900497689378
24.724765740827326,111.24066222273783,663.3853262478176,2026.356382781329,13055.27488654852,14969.4137964348,2897.844129088024,5.610139188693211,18.39994597918121,75.81703145794259,251.71676682486816
22.084173965253285,135.90035084140254,738.3633609159539,2395.4603629677244,27172.515080610905,19630.09502915044,4523.913961911574,4.464383730060035,22.94808423421091,74.64446099139363,220.62747958655623
16.019281877282385,102.98887335740922,469.111506663418,2532.06511449938,8784.72105343143,18186.22351816297,3514.6798512674864,5.571248922579494,24.615875056773802,97.57019634906706,221.0162466605349
28.052017350016584,140.2517579363484,702.7564134676941,2457.0212300699204,14703.262537434694,69946.79088022311,6312.754474052538,5.159161204175688,18.435010642132205,83.05664736118828,143.83055799012072
15.11605409303835,140.41707479402731,583.9323025024496,1231.5742147546262,1274.297480580707,859.9465206774573,961.9699942134321,29.76284213112861,170.8775102575261,578.0609554607266,930.6711712178464
16.23148731785477,116.73857141114905,451.80482168612065,1030.8253076237934,999.7717478033154,803.0938060308496,843.9880591124916,20.92183847501777,96.2363145580651,498.3766012974084,1105.802581391918
20.765681602914505,163.07059884205225,708.153907426012,1872.3052490831665,1432.3048409633338,1006.3020019220808,1130.9801352421443,29.810920566228255,122.46213512443742,612.0998575875225,1886.9332294333722
17.985600600261627,114.4942825068865,501.9742832952179,996.1089340938876,1070.4419858697802,796.6587978797033,686.0133747806152,21.86156725559946,139.21074729280855,542.2238240589697,823.4614332577524
18.646841112111964,129.83427563587125,730.5134982500069,1227.2852014057958,1258.2299273281046,917.4380659762148,924.534591557458,28.22848215154469,138.07743940646466,507.45841880670434,880.7580945966765
21.96689941564303,192.46920161339222,658.0538848078965,1179.059784700473,1247.6823512433716,1145.5260038574534,728.3936189189552,23.427758546812882,133.81754244096618,567.7489640649098,1036.44759378427
28.297389483615305,175.0444979521174,586.6449038874513,1346.9710879366223,1119.0299174555887,710.1235669820259,970.6887275228898,40.463564333207614,170.99911888621864,670.5164211485535,1975.2101246975362
21.63843063615301,141.23478505881695,589.9903935546365,1154.3257239128773,1276.1220633294433,866.0705024786294,918.1476173509532,23.8942185261767,142.08450594642878,473.79522201721556,1133.7184125833835
26.77441768434558,179.07521127998672,628.7239716477536,1478.72799673335,1256.1835953717432,1084.9209499290832,745.0282979289381,31.058852236392944,127.06694051720841,547.5700278124616,1027.4735111923267
12.454584344988687,82.61800598477323,462.374332379705,809.8118460460876,1150.507964828362,746.1921496341625,546.3483547866343,26.34646280802311,98.6287230105469,445.92482207758195,1143.5413456931708
29.014918956391433,148.4946658670184,834.1483229421234,873.6392857699343,1244.8035710559536,836.8098151578257,519.2743318292003,28.15383039100076,102.9820507063608,413.18147407359595,569.9479849122775
32.46045336437237,115.63960784202209,559.2087520299635,807.7259450843558,1130.2312985161939,828.4683107311525,509.84073906640214,19.55272783266264,99.14984010328286,442.2562232111813,595.5968848139357
21.30383554591632,125.33864445233485,635.7280319813483,1085.4129553930834,1230.8385706469417,731.722032149012,611.8126139370723,28.319535491161027,172.39688291557832,811.9360551148031,966.324028244242
24.717871927549517,131.51333793619898,696.275566616018,811.0346721373498,1414.938414807121,1002.4644595918555,609.3513562058408,23.40441235950857,159.86299953301688,749.6884482035337,958.7753823325036
17.815658644850675,106.6614647040648,448.96261553664226,663.9271077783778,1634.7021448264518,1041.8372143494587,513.6455758923354,22.6462012868069,87.88571960871923,409.47297645624104,408.5343553191051
16.817710816064693,110.41038264296365,789.9757234978799,782.0131390318274,1247.6808089856056,963.1944480097542,656.9832059826391,15.253660205499422,78.3935853857256,286.5123825163658,378.40552881849
20.158760116134847,141.9115197034892,697.8194525305491,1178.2121281946697,1488.1518859062344,857.3151948098092,689.3964517088607,20.033756841380335,112.15290015609935,526.7967993078443,488.13409438667196
17.643012619606452,100.41636698790049,457.2393389613135,685.30762527852,980.8194642843057,810.0323664679502,815.5348899272891,13.092952304063752,49.54008847271325,192.69749615500524,377.8770453628773
408.43958032563864,2304.1979829492047,3137.4866124537457,4715.929021613051,4208.8875349015,6022.890555015455,2673.627901873241,104.327729319426,504.63797103066463,1545.9761355534815,1373.5625719018278
555.7790369467499,2542.4427405437455,3167.053526159065,5146.361389408508,7071.34887303412,7879.679423175751,5797.6723495572805,130.6350622063037,896.8340849476323,1287.6918727679488,1874.5788779432573
312.87903790812317,1703.7209079863578,2254.955931071502,3801.358742389207,4921.059372700751,7141.886303427318,3970.9160714826235,74.27906497681397,415.1173327837799,959.6816959157586,1288.9795263086758
444.02861032662133,2563.127722211958,3487.145961950843,3455.3785829786207,5039.8715702444315,7366.770172320306,4694.355628969768,83.74352126739298,457.65744106384227,1407.5209433231503,1467.7354414801423
306.46792994563776,1487.0471120862444,3235.8372307869913,3280.9022466174015,6202.18811942637,8610.63818064332,3840.7523566639666,97.75431831365373,500.12953394796926,1354.6573053367124,1546.1116991275921
286.52646142279264,1498.5180617223182,2480.7203080710024,7129.613431108493,7334.731150836994,7566.922346677631,5450.819120800744,62.8117724207647,377.9322656483273,1014.3180487689872,1414.3016625549644
547.8856162546047,2541.0042333703796,2183.604310776417,3874.1653046521046,22742.652149113514,16186.509641955296,12819.77350189785,91.6384318213677,670.7681568117501,1054.7329526239387,1301.570018102104
80.78211171356573,244.28438931076863,564.0629476613053,1669.825893798843,2360.121884489432,3383.6560464246813,2675.5411471870416,85.65645146260309,237.08053140103584,496.0293571448419,1680.154496903221
91.86083521291826,235.28085684085573,527.9517222271145,1578.4260460939256,2488.5541245775917,3348.931801103676,1813.5069012710203,95.99911352143681,213.16480313094021,529.9160149548358,1470.4234551722184
82.05711849076033,201.8918201038808,535.6157338358462,1472.6222224955757,3001.9333514074488,3987.534418692191,1313.2350026989973,85.63792521278083,181.09635384074258,554.0881997304969,1651.3387843463565
65.93518250866327,150.81017725821584,403.88529640928994,1434.3686579136797,2462.641923333208,3086.22751100113,1128.4379043267109,90.7441205549015,152.01807570581633,338.6742135457074,1875.41651685598
86.4367963182473,267.4373977555855,440.47975027825055,1440.7950593127557,3340.5357419730476,4549.447970457995,938.4565393170342,115.5266938939676,252.80038862754006,397.9647042142072,1191.8492382581655
68.01317022242196,196.16974132090886,485.00803067806794,1530.3801212167987,2321.0101825948805,3168.23095098262,1641.4130354287722,92.1021138978928,239.23004016565392,484.5734958058844,1079.2538768593222
73.53751839575125,181.95217517917627,544.5626743546065,1190.0339431973796,4105.761111547549,3098.247910277917,3104.1773306963337,93.66902593209912,144.5594385456643,590.0613660837989,1014.1789787284409
28.78686510257345,182.62510862125782,626.6840583980083,1056.320823865632,5411.423925993343,2803.9175030707065,1255.0228267715622,38.77090081553129,184.80375466002926,723.7676447234892,1081.701960565522
43.515337225767624,196.90229043596383,750.6470240609099,978.9561434192583,4445.4457792242365,2663.2890501009915,1528.8648186593005,40.31618672931411,223.01874718859716,722.703449671312,1367.9536480537306
32.08029312634608,195.8699044982786,810.0523667509356,1298.1621399084106,6240.807052609822,2710.995793101688,1213.2707636024181,43.312410998546206,238.6470478250024,775.0698635761314,1688.4960249302285
45.900751896289876,271.9448344846217,941.6181998538473,1662.9650347602242,4328.374030741552,2516.1567972252765,1304.4947431671121,65.66444241507753,244.90470156025066,704.3000320824019,2332.9229300537454
29.877730311466923,203.25892599437304,730.9435314113118,1504.2171773904313,5305.156479385991,2888.572001546621,1550.4364050372192,30.91107134396831,186.91821734909897,663.4646491828219,1619.6033920639504
32.87701539968839,216.690969528999,807.5889067250923,1938.3523417239385,8446.523657699427,5036.804521702229,2422.9475978439054,40.07867241008594,313.60394214611733,1057.0183501808594,3254.8249795312677
38.97899646196552,226.83525833570943,818.848539014502,1569.9534084033219,5737.281523163119,2578.437455114598,1398.3170628637697,62.88213658139769,415.7752148368842,914.2193095114393,2678.6238554728525
29.62917962654804,182.7114654903222,550.7760340898918,1592.1618916370594,1488.3096508135395,2568.4256931630275,460.6054360149428,17.295630862069324,48.024897636755966,234.2804312381971,517.8640631156352
23.562515186252618,103.8865672412988,483.5794036574662,1401.378995213968,1354.805557106311,2193.9034349272647,480.01764460559934,12.58356677265571,45.08795732765915,219.53623502517195,722.3735224492847
27.697811113554053,99.66611437264753,639.4310611738667,1565.0734431690844,1096.6823067398118,2358.0219426080585,474.7848124355078,12.27805408077802,48.92605556472942,256.18852584455936,685.0187751296908
18.476810250552564,105.08856334535326,404.22747718868777,1516.0295266704634,1249.3634486049414,2034.8976694084702,635.9886557833911,10.992394515087653,42.83326387670725,176.8759678734156,677.9757279190235
27.280101614975138,102.94006193357443,466.64892251618824,1820.9912153389303,1378.5816124392052,2507.7554203669233,565.0558794642177,17.905128853104543,38.45755864741417,292.69214650200837,801.0729309823363
20.92858688573081,101.36377162361653,547.7817974074278,1368.0915379337964,1462.0793776301045,2319.078949674964,622.0735160855886,9.815725436274079,34.6286864583623,222.04765603020013,532.7072115324747
22.871019875844162,95.20941295371935,581.4826620153617,1413.119199332781,1318.3318204755583,2276.3423557231827,953.0739138998712,17.482888314174488,41.30955421967034,313.36869835853577,602.3737758543964
48.219979693293375,152.47976000762236,424.94946710858494,1097.5620477370296,2402.368402822564,4487.954799865683,522.2267586660262,29.807574684343606,81.32117876270786,275.3597025696654,712.9402717887424
22.779256549615333,86.12156171405998,336.0601759458271,1050.124274706468,2086.2628597927587,3774.200682441393,376.82579966184375,20.799094058810923,84.44883649052402,319.5465889467159,534.7276284435453
21.86971491698447,111.2773978867238,322.2495885139797,695.7893471474138,1519.6519465843835,2447.3587041497226,369.7565399254673,18.60672711675094,84.35253536591577,252.53253521754715,645.3213008812938
18.353605537221785,93.31184184396989,382.6032824817423,803.7274475187683,2039.9874253322678,4080.8763685822487,383.26511783967726,10.777807136473712,76.20700557329594,242.64673286851027,665.2960370996345
55.24257523927372,135.59017603541724,409.9077563023505,893.3875812872623,2069.041875531276,3713.385546050966,488.1957704266533,31.580726620197915,74.26439009593255,338.21672043836827,507.45840334255865
21.98651219035188,84.69548429500233,393.46143472772866,775.4537613131106,2330.5113619317613,4600.212982123096,878.5284509016201,16.181168057082687,76.02206868025435,320.9833042566509,639.1088689095341
20.925049208708515,114.82002181909047,351.4107608935252,760.1640019772263,1957.461749624461,3498.7419033944607,3243.638887738188,24.58058322218251,86.37787267657404,245.63637049189612,511.36264102642116
10.478466086031403,36.271392269884615,144.28712379579275,416.8813450569287,488.56311329671485,1002.6263331699497,244.42820838621503,4.470208276626787,16.476341606303926,68.46687601881179,252.1884458595111
11.439444228924305,38.594689029077315,163.73680154230289,379.3002141220495,376.1966744481275,1057.944588928173,133.39397366826114,4.141197311206876,25.229801229927638,101.05869843533338,212.744104867413
9.626728581798183,36.90984732027573,175.56069292861503,335.90110913935735,390.02590355696157,708.6489982542892,233.93687715171836,4.203937180032274,16.72760277739629,66.3902721592458,162.92376347301374
8.877183324815025,41.33413220737323,157.7610363086763,413.32001622766256,404.42795842823887,886.3140782763561,350.820022751422,2.632380444535859,19.160138120438205,90.6501305770847,220.3374903753089
8.689905329417039,36.126727076991905,154.34178217651788,379.4844918892098,465.1971266763285,726.8389729186891,254.06046663232456,4.039134831755897,15.96935184573946,85.73888618378744,246.12147603812627
14.376740232381659,55.04992649533475,334.5089312483324,988.2842589020729,2693.4624697665367,4212.72885177719,3729.0137090518447,13.556952280341648,36.21692277638552,147.34438233830343,563.6603699632299
14.955579596152042,73.04467004304752,403.8827676489406,1001.0146197661137,2808.241730204473,3576.3498150259247,4113.882734096298,9.484819825743518,45.30092167466985,177.24539772003965,564.8681958001107
36.21387086632118,83.79219857120187,581.8604927483635,1493.344659511,3734.2079255754743,3548.665757703284,4653.313278076549,43.19958015442535,54.60153168208004,284.9224313057105,797.7965132780373
16.23157405918755,74.85140209925399,377.606995622317,1362.133380987992,16856.72989771018,7674.599447416761,41439.18917055396,16.71806380526444,44.55902712699268,173.95420097452975,745.7337148849231
34.519757357961986,106.37671711685834,420.7205155303236,905.8852353114635,1474.877687508861,2025.677257180214,1556.8273648973552,37.18544620029691,84.86315104230259,263.31966078046634,499.681159630573
25.64705316656909,76.41547889411837,471.14176268879476,1301.6651821009193,1274.124006215483,2373.35680723687,811.0615201766293,21.311359487342997,58.90272871327276,318.04046125578066,611.8056349363177
57.5548317185506,251.75782192905896,1088.6420358028263,2380.4000748830535,2672.1347606591876,4468.607741013169,4533.464931912719,11.503102228690901,17.789458213390994,56.74814705140306,143.8687361375584
37.07552044593225,278.1900727549606,1003.0401649636526,2006.9480677576114,1904.946064552292,3067.4005594265955,3351.5209718445935,6.283791989525828,18.521730919848775,53.34971501642333,108.74123391555621
46.92598185035846,203.3721324252741,954.751170732857,2130.9579925450184,2517.0931575335558,2931.5505077590547,5472.328178212667,3.917844763685328,18.120668170489807,69.4509215723568,137.6814560789304
53.21892916384483,280.66381993307726,945.0688050618239,2549.7873961242535,3887.7346093313145,4893.207771732162,8830.607087037215,4.782386625269888,19.317441396926974,56.79819937809468,113.84419257822447
51.43916919905071,271.9936798206181,1187.0346358171664,2134.5634054380153,2269.6237423103303,2823.168988877286,6130.330718842645,4.234941329372305,18.855061484569887,53.52146979073586,98.52784336699794
56.19392916959865,194.32069199897037,843.4707538974471,2103.942147572835,2131.098417002087,2905.041113509486,5700.765310448905,5.065271148483892,18.274790518926846,47.93833858764265,94.80433510645526
49.885351716628065,245.60118278870746,1040.4972294361019,1856.2798190787432,1952.1474195489036,2744.232964362949,3917.145330843205,3.1858630050434535,18.272818988191524,57.12906220310833,152.19947237851252
61.086304712167475,271.082584182693,1085.9994508114955,2619.134414823105,2052.9392837453634,2844.0704325549304,3880.5440283951657,4.3313758152289665,17.703698594009133,58.200741456971926,168.0646035131455
12.95525322823475,66.89709734528635,322.7614592581522,978.8050118287404,693.6478825697365,451.22931848311174,364.85519796951365,21.396918015539995,58.388886006034824,317.81615805501735,619.870866111014
12.58247241716405,68.04846877314897,256.9268389302306,886.5066491896287,717.4436395103112,681.1309587694705,208.24273604523233,15.632620853206996,63.87613650719382,265.5133251614558,494.40839285931236
12.367872016371013,51.67193698940294,292.4329119165971,634.7432859307154,539.5046943916628,464.3251234246418,124.73018241553412,17.629771943094966,64.17891181767239,217.33143726216315,506.9431340205482
12.13418522774009,61.08073516301131,244.24895110315023,533.6236539877331,510.227151466844,504.3075126328815,93.5864232633806,17.724596611379333,46.83836703802808,273.43419903299457,601.1688714628108
11.52852939100315,55.01308690247242,210.88808174594305,459.4661361210358,579.3986049046118,506.8749832501635,91.85955771784452,19.218478158989456,52.84720008072327,227.7463075186048,287.39499053095153
11.510331323913608,60.65763000368557,243.42186760161223,613.5209346177677,453.59937136992806,509.648659770377,146.61592377287647,21.723718776217233,48.139901026564374,230.728714487787,542.333288613862
10.620620147965383,65.21958325341257,263.6806448160205,693.5654890920656,494.00948680005956,468.3638724732834,85.2966300159654,15.497246302644877,74.23792118939794,257.8951639924004,609.5944696959729
14.553578331372893,82.66091037510584,426.1763206027293,1129.6752025354654,867.0623548456157,767.4885916346684,138.11620694270823,13.71744495280048,48.83138669309361,260.37660311337095,621.6387168650205
12.685760859817186,57.45787897596408,208.23948728933465,585.2771004609142,422.00476439793897,380.3253670101985,77.69831240605951,17.228029279309943,62.79588838024452,250.538061339738,598.8523329876673
11.93262662074024,54.886486511323405,235.851365328844,559.2071032399932,395.9557278410841,367.20242763527983,88.25097850163003,14.30087144543116,63.13451558976764,247.07914681934437,564.981887559096
11.559630763862513,60.12005203090423,237.62853349011857,678.8447583432619,468.53560098912567,427.27493208770954,97.87913674564334,14.185922334358715,55.4840463900958,277.6846748267999,579.6579058912271
13.972923084239785,61.72406988883449,244.4992554912266,646.5248905591046,461.02266114220646,387.00428824002546,114.7462701787008,15.604252369858536,55.91710296867192,277.062061940281,511.62481236162904
21.8554652868382,99.82726998018914,363.5613838712064,676.2349452998799,690.0786055435117,1373.6488109889128,363.0452117851625,14.19861890936833,95.16731382668755,412.9363995621678,409.15890180505806
25.026521411263577,119.674783983035,422.2648072850424,719.7410637779782,824.0965451467782,882.1301600250104,271.9159726111684,14.793814802391957,89.05361790111056,435.1519571604633,414.3255514071012
27.79179066190894,111.40303694851657,369.7411323632113,568.0105864672611,748.7350213595977,1445.0494085301953,262.50328570899245,23.428430365210563,97.88652249511021,524.089358813071,305.0758332039695
15.55407305748425,103.82684137995238,304.94960499011603,633.6854962655343,778.8935986030847,811.4232938966403,525.9618210516248,6.966485194353783,43.39285870052602,193.93577248288784,263.21755008127855
20.410564704977634,98.97800581376941,350.45322502416093,734.8663848672683,764.9857649430634,1123.0056844238813,1179.351909472607,14.33188166423982,88.35147669339493,547.0109350543739,245.55736174038609
50.07917225880858,415.92277912523906,3139.7983760607117,6301.3999798446885,5863.502362797658,7513.586124524474,6941.420783042907,42.55978819286732,138.25972338866754,515.1297214686249,1702.601768001914
54.19479440855987,436.4272848933857,3768.216467589761,8730.755083685119,198407.18141570684,182275.88512557241,238635.46134491754,36.19922563501798,115.97712135481316,732.1689663706347,1816.9044385505838
34.372732935667344,464.7054151810395,2564.0479191749664,6515.964643416304,80505.26324297985,60947.5972849826,101819.57830913861,28.472333940643388,173.25637934623228,870.6242273249662,1338.4788066440574
39.68984193049255,280.0284312059715,2664.0099245564397,7637.66496918847,32399.52391384542,26586.680939897895,42851.50869661569,23.04076260253593,117.14151560753817,575.501656269965,1671.6903838602204
26.512263069627807,199.93319009964276,1290.4396623278344,4232.940282960733,68916.11204549421,43472.45493867,83850.41227730611,27.531865689399027,105.13066749663751,575.7288187157828,1307.402292953804
19.532584130143125,147.48809564222273,559.7917495935689,883.4641689740431,872.8336228417852,1800.5848232073085,1107.6085922742882,28.20583627361096,113.10571294099161,208.70747234371566,261.5416797745662
17.1397630868499,151.36174523178488,420.57637029909523,870.6866554956262,960.2917900371053,2063.101962748915,669.6550761355708,22.83012240472332,92.63813943275211,218.32378687290475,277.65848408429883
20.98142204478548,155.68905820577248,615.8138384046033,1106.8140153856946,1040.2437023147938,1656.628349562486,1084.3930807343372,35.268674837027596,123.56275061327322,224.04338501393795,368.31094154886273
17.30849695143843,136.12967035325227,487.65744135156274,815.0111677094052,1039.0889826944717,2014.7310728604593,541.0332920368139,13.140298945648585,56.15056117337856,211.24520981040163,277.7896416174093
21.387826372602525,149.87325623023207,473.9708989099211,897.7893675652642,849.4865571030725,1672.6959012659888,449.33572132124874,18.232031340254856,102.66781056296895,221.93709320924242,322.3280249743257
21.98485647817627,139.8736373455322,556.2827000526788,766.0311889098957,865.2217907458544,1540.0702535634239,365.0586699840302,40.310399947576414,86.23213223884036,178.16898746772978,257.8703983115653
20.560220487056846,142.86624603325617,529.0305630114551,931.5207695079346,1193.8038484094045,2041.3219706391292,1272.7533765130986,20.22764051295841,70.90320666827998,209.67480832586688,207.24742367188443
10.304253478558774,63.0005467441612,297.6400320844259,646.7876426001699,608.2297211519132,1727.4995700145762,329.2822377321621,19.199904229404638,101.734331668665,468.30780068653013,824.8624167712405
12.11760071653892,58.45150857099118,249.14487445921014,619.4349495296677,582.9013791264344,2160.5004870258267,385.1467066851134,14.688638046662769,97.32009112248002,382.7943938932149,688.8837206211563
13.90063857419591,63.6273117892027,314.71632650960237,641.8992583071813,562.5085506951436,1265.336946989099,203.60875481972474,21.32766525464831,70.47605737898266,369.92532533632277,964.3965842279916
11.658481650845108,67.99262018828206,307.41003477325046,698.6579268537462,801.4119036560877,1614.8799256558218,376.93686631321907,20.107804107314827,127.14877976720646,452.5682245364102,844.3228321221346
13.78753650061359,71.47356776692807,293.302675253246,712.4013032779718,512.9331907881423,1429.096315455933,277.22942582704127,16.691671522534307,114.9813501573905,464.93941610135755,629.2169162050509
12.1681085836899,58.348988428289886,266.7420056964038,554.36092179548,462.46518718389166,1922.3151739264529,274.8282199006838,15.324199076574585,90.10566154824724,270.437789102667,519.256016735453
9.564789701122208,59.573682772315806,288.6973315412567,530.7157011044521,659.7209594603628,1839.2851975100734,306.88858021477546,15.969035246785399,87.2945938588091,445.85461966728326,511.2820248364782
20.982861227540223,91.53099296932729,274.4966658850511,646.3174329972826,2221.280815832317,2964.963348692283,1015.5525674830811,11.778323821656764,50.44041337119658,239.15887077432126,256.4874278915425
24.133146180266824,104.67597216076197,258.0607452098824,678.135806744763,1966.6199862956996,2697.725826943914,1348.930045308545,7.256990906056065,43.765463571708096,89.97714977339879,192.97234563017264
26.01544913925075,101.13877564481906,303.54673758234514,692.1154670246566,1713.3639188054947,2104.8778513198095,834.505733077259,9.612782977320117,39.15961241637706,153.94281571818283,253.0169615630681
30.773950748261996,123.71334497016504,332.17970371366636,663.2347082986186,1327.7387625997267,2649.8968988135457,1214.798068501676,13.639117282624888,47.59047093801928,140.78337208715186,322.66523532072705
25.40037048810821,103.74925223503183,408.7740696427257,770.7506332740497,2056.101875529314,2939.370507605374,1178.4383403991037,13.444468005104376,36.30383309413203,182.58704248245337,271.8154274799551
26.836076669317357,122.35146710716556,341.0743802811485,614.6917503521156,1924.188816267997,2159.7977146146195,1119.4116473527001,7.527642806232809,30.552929350904982,147.35300727512612,257.3944310164079
27.815640056500946,106.68616813484307,303.45334974575474,617.1264721788466,2517.7920183197907,2509.283747013658,1307.6853316106522,9.557125467078247,31.71541693550292,94.75741975617711,270.88908397879766
88.15989478795866,336.43766957358457,319.4637173634643,466.5052629933537,513.4523830159256,4611.253244965646,214.55775054342425,26.700783790807083,124.95094360639146,128.3475451921307,279.33737409735716
45.89626948574247,237.639532813327,308.5817240322164,558.5816191066988,468.3983192928134,2449.324571357419,264.06709032567835,20.44199886273782,103.65344765280315,170.57551866358455,234.10627452881698
41.58561317194835,192.8301429845936,269.87646075881395,486.26841387789074,511.4282765556126,2171.227496372536,242.8638696554117,17.745805434464273,95.64302426040133,164.30512080395908,252.61411114813143
49.81650064010561,217.40080716196098,343.7385741347292,448.9371837680228,539.635275404745,1670.7616445515303,243.22791250500205,26.3843838392216,107.19450986796193,214.83021048869705,245.76627750888775
59.05303470248084,230.5643745108585,376.91765066981316,587.8777385341623,628.2436343769854,1385.259078917404,416.76888174951694,24.97535452206406,135.85880537678895,170.96180715357573,381.8726484441043
43.64305703128048,220.31789332436165,277.28033391778206,473.9727501012385,741.3267257027327,2021.0995039039599,232.5277012870647,22.7714335477746,99.29860569671048,167.37010120030027,286.23861199493206
59.95695033621935,275.597548243221,394.1561969899339,530.9830370753382,1303.6385167470821,3040.8785330938795,238.3920684891442,15.724251350863293,90.4800062096765,143.85498998504286,375.73192929616187
123.23731865273051,69.88106199338895,220.87661497415195,876.7248165936519,4054.991913423873,3516.2043812175584,5519.992667205631,43.597714267030824,82.73329641212088,148.5957647349375,612.7865624820503
89.82169128139502,77.89835570286473,314.7378825760291,1546.7648490859815,2686.2606634910526,2984.3939945548773,3227.6986805489287,32.72360423979504,86.19274300025425,159.57379143644357,798.9602300932941
83.08234207555262,64.57118055868584,296.3870990988022,1102.7535526805245,2028.7604382075367,1877.5510396535194,2789.0915309265256,26.786488896604467,80.136954823926,166.59232692909427,574.3466202866596
96.90994161381968,86.06162353779655,216.36247325370397,751.7561684193399,5303.21307385899,4261.525175043691,6615.08479219675,31.0919197250599,101.80076420068023,175.87955626220597,427.332749003234
21.886178890655476,83.47796418676444,258.241151334291,1142.2168804931766,4650.495026291658,12398.82273956202,4054.139972579354,7.128588319437161,23.802397800819257,59.71927704586414,341.59694195531
18.555663259282785,78.55273979109188,272.9984844882662,1027.798678246637,2644.5569629703336,4033.8939942996944,2359.8808576607453,5.891297784954077,18.776599452235434,90.52929879466924,368.9675203754256
20.041028307818728,89.79609660455995,318.65797105128877,978.7958059627562,1860.5824598986655,1655.9065552329023,1544.189644207557,5.232924751025469,19.535636903126335,85.30084300252688,328.3118033020291
22.639928965906922,80.91096513106216,283.8132510701349,1010.3974873979264,1746.9530577075975,1456.5262248851357,1646.7291626435083,7.663947683429189,22.330517420065007,70.8638543812558,319.28659542766394
30.868300959982054,116.55933266627835,441.46952756913373,1231.0489566869414,2352.6503261821344,2035.7261547607682,1953.9555551007697,7.757176895114147,30.49312687776546,105.75744086683456,352.5936938968953
25.81960263897296,112.94422963353281,295.43857496243436,769.5896418058934,1296.373357547447,1367.5433998772255,1215.5861661114418,7.437011148418604,31.50402610089077,83.95575912936086,257.6466503833266
22.21547136788043,111.33360590153218,452.89493958768423,924.093970255771,2207.4919146628426,2035.540755368148,1488.5993814105166,6.600440750798953,27.18408949669174,93.97712252035853,227.2591474034901
14.667772418780562,64.0880044590934,191.69475791973915,467.3259691619314,1240.097058041642,1657.5108644912639,769.8882708248373,18.086837683590904,82.02083097390519,284.3775338955068,822.7598107356266
14.593528187610596,71.47949928047697,225.50972503637115,422.8994387581478,1337.5485107954592,1881.9756520297376,1022.1409494215623,27.566615218641044,130.0268271772996,334.4126821563501,650.5939240039636
14.9568377481919,74.98502752486334,224.64131267083576,488.16184749950963,1539.4081555015096,2395.377940647304,825.7987866050873,27.140076489888692,123.57846845731302,351.3652872853369,967.3140907840182
14.305547858246427,66.24052868907165,240.85787060961593,433.1643138392828,1260.6668950989842,1431.21294126225,897.1609090858449,24.98558612560737,117.21153408658574,268.0999287307495,582.1496194275096
13.18198189206305,75.59408369341205,224.10869604093023,483.39824030982953,1274.4780706204474,1322.4389295031626,781.7326573800917,26.922738435571468,131.3103854174842,288.69233705755323,724.409507318555
18.86765347039181,71.3993962498862,262.0919354375219,449.68269469837344,1150.4625791025658,1372.1755902413277,676.1146998445813,29.70937621679817,141.07752891441731,469.07746808533557,795.3188740741462
11.934058390598995,66.06853921362682,205.84456537991838,416.7488777317728,951.654383158311,1055.8699381692957,758.4393958089253,32.786301358929144,127.99630453256637,393.1161174796289,862.6762608297479
19.495888789017044,76.83988419154775,169.49713107883386,577.3312893124918,1063.393841080678,842.8105815953263,589.3523364455128,26.036879333895435,72.3600959922284,179.18443312183564,357.9937042794967
23.295941647171272,64.93626426261228,168.120362305354,367.20740240773495,750.1968036390219,608.376186305657,680.4439669980978,24.55336251333938,76.8007254228869,188.1061118551685,434.2189002775897
15.839252229459815,65.74578567574886,166.65301761974112,332.507866662927,755.9377723395203,525.7251485604793,527.5070192556207,28.59568685553313,73.01879687079538,177.53135729041725,538.2930294567097
21.943434849061305,67.44220403963118,185.85672141000396,1105.3706706458083,857.6077748397365,890.5646633453046,578.9096103541863,28.899729843867437,57.39045985335542,215.5387661416122,639.5384309195603
17.40066889256559,83.0549528664948,171.90520850863928,493.1394591570521,940.2829147952918,1153.975301463778,512.8759128547584,34.278700142678034,92.66191644240945,160.58567064040108,436.90584843683365
24.231410285487073,65.89189796221034,194.85163117382518,545.084406625169,740.2733859602984,749.2411518025522,746.361928747346,36.184249904549986,89.25415655896116,191.7357052178316,440.5769938123412
25.356104465473134,154.3307908012454,676.361129044167,1615.894522620986,1906.274658764402,1543.638220662872,1089.5958134954174,28.71218806275283,119.01236453912375,521.6864824157674,1735.8387041197466
24.62450598857443,111.99107016494963,614.8165825456381,1813.927839330708,3784.2635682262476,3454.2188630141313,2808.551973883683,22.939523813712484,128.30477614449046,674.3621563700339,1459.347646879653
29.567519521670565,118.37494888567987,852.7967142760754,2463.579741027206,2620.071302179247,2625.9190307383733,2528.139360224828,25.16273066679908,127.17337903003013,768.4297965862011,2052.0780141167343
22.231484469084535,110.72378424054477,519.5481789831538,1900.7280066609378,2636.588131956756,3110.45217393587,2239.442911413498,26.66962633773801,99.25369493965991,618.7739694612876,1975.045238656302
23.62981195548976,126.0016171230042,558.959507858303,2061.4966969707357,2972.107036581883,2730.115257979681,2371.1968218367547,23.664524452770515,112.73807779417257,566.6189555305367,2124.5106863075243
24.785111902953453,86.71194907818183,481.0101861238169,2020.8354233410205,3875.9208991043265,3181.8108365337052,2086.740164114783,26.55727275182532,88.89555484539596,437.15929272685514,2139.000629090394
51.53095388843212,200.8434209956904,1321.5130238745671,3597.194136285533,3833.6965370997787,5076.038417009015,3675.2146238250034,55.69474396373455,166.30255678653094,613.8749511104543,1549.318870251998
30.731486164052814,216.83358343038708,981.7277740792682,2263.8694822750986,4279.037756976983,5400.351601029436,4308.430110915874,38.85405840260986,255.79643202878162,633.5544726675531,1497.0088687830914
34.7868294455111,216.1309224490639,824.1804595818587,1838.508797901372,3602.6327935705585,4811.83630960683,1584.9531701865294,46.72055059496779,214.3514431413496,787.335874695874,2034.9712430530537
34.209865148606085,243.6803850121505,1036.810602878686,2607.5221720300615,3289.1215117685488,4768.357842486352,2596.286007163425,32.38770131097893,189.10719551868775,787.4045897211569,1477.0258151128264
39.08234576083487,248.33771861942174,1337.8928403135696,3746.4618394486606,3839.4229186152415,5003.6587562213335,2365.69724498565,30.31128086954898,173.03611195346457,782.0514322572077,1296.5021020692461
50.75818436740276,270.13193776106345,1575.0212202804782,4232.12458813563,3595.0966149941087,4744.5539147630325,2781.112258228163,31.736758747919033,194.6176130651147,614.3726301243684,1482.5637567092974
33.28354541773539,208.60614011726767,1087.5341323387497,2521.919288554539,3481.802857692043,4090.149250189463,2318.647723497202,30.303899514217235,213.25051530792067,707.6434054424365,2159.971402509138
48.825592090065285,210.9547325914512,1048.6710835703027,3124.77008187895,4365.456188703577,5367.1730878427625,2296.2474838811904,31.56162591425042,151.4447041901682,569.7328483865131,1391.5229063996424
60.6237258544085,241.74604376192048,1073.8287690829795,2194.7166728445636,1349.5332800929123,1490.2725050573547,3183.54368781733,44.095803210094644,85.92547483278516,215.49042690605467,308.28827340396424
61.2405492302884,217.29696973327856,903.3509350540116,2109.5678367298096,1731.3819959840428,1538.1992972989876,3517.6721321431296,37.40122709278269,91.93285493229148,181.0551314954646,406.13376679403393
58.893092826105814,200.3419209146523,835.4365750881843,2581.411917696396,1631.170722812414,1809.0368561521173,2918.0955660417676,45.85284775807425,111.91071368134482,160.1631773674356,308.65368988427025
66.57152669346638,185.0397746740103,867.0853597507812,1653.9236314184964,1505.9372560667496,1334.977648436713,1675.1700982389348,33.959579845109445,74.0392974440862,116.58339588714686,347.6798648789214
57.092960419851195,205.70424212276703,809.9341686967139,2041.4907870590682,1805.1634535553553,1798.0339405213792,2945.8337244292097,29.83331253165185,61.28598420267614,158.35571386994945,334.65053407630575
51.37429237192069,204.6341428310261,825.4099564271357,2049.2298513688147,1564.6451046069462,1711.464274947842,2632.230025691291,25.411004239305235,61.141513281007065,176.69090646670276,316.33952624327503
45.92637530423235,201.00559494954845,792.6780542311415,2170.8504823396606,1679.6805892537036,1024.7175076790154,3670.7110573661826,21.904234348844813,70.97653703041578,190.76103183326387,296.8584951352483
28.543838749523275,147.97016209821837,724.3888872312382,2074.155302664886,1617.8627683985976,1667.1897240225226,3230.9774405974895,16.7631464805454,106.51553560712881,133.0054491694706,457.6241735461323
35.84681289440292,150.48460256898153,598.1736883999935,2054.647317007184,1168.4353586562597,1116.4798036410161,1676.4272308473785,24.841953152834318,88.99118872179193,206.17813702508766,354.5592637341469
30.36101046404413,115.44134075501157,691.9452983439745,2522.397754350056,2448.9747849491737,2775.216993983835,1489.7502569003652,31.6199386899522,55.42569253752663,171.17852385167498,478.623471614439
39.36086127664748,152.72523823757848,765.4190538617937,2308.7408903290825,1866.8573545695592,2309.1959682727856,1681.6476454269139,17.97792620088997,76.92356769696076,165.6454145046688,376.9945504757731
34.811102616736505,157.67509908721934,648.6541058099829,2481.1907725228616,2015.8758161316316,2245.410043045257,1811.1024582780278,26.341860125351857,76.82160676139512,168.9024025061711,642.6031822118288
38.040582436299395,173.41547539751141,588.9386109573921,2651.9307234815014,1665.1854582807666,2091.6840965921674,2292.558368618289,21.0716625882366,96.91677401844936,137.79462329919136,503.4710871151958
22.464040850948848,105.14990265463712,351.5471417618295,756.6011590779137,1366.3444059298681,1616.5863720482835,522.8503137739996,13.895257447125912,63.848393648426274,315.76982015124906,555.2829614618482
19.717275236170583,103.91340465350368,403.677849740566,1002.8392600783457,1316.8110884744674,1417.761150813351,375.242159475262,12.50647232235739,72.20058623390409,313.06915603124065,698.8698349767365
21.569103867361264,91.16776006496123,356.5305516569254,676.0818005696249,791.2639096109195,741.7910165679641,445.3373612957075,13.964317552611949,79.0398594482079,267.857220520149,511.79981963196764
27.85142439608656,117.21973050151912,553.1298654873001,978.0674833978215,1167.3199276793746,1238.2266512339315,637.3522409854146,24.963544357856637,84.58587232681262,380.98565846805764,861.2877631142425
17.431447725738202,110.82289629498942,470.13742721003166,887.6379564342399,896.3151463555794,975.6559832127143,516.2538059541645,12.005330722546205,73.90466288181292,274.9272147871088,760.2780400440097
16.101497760779846,112.90614034315998,477.36623197580536,736.4344620195527,1008.8586006288725,994.3525173633049,704.4479233745176,14.828761426460309,73.13731825242333,262.5148669213522,724.4823103784584
16.80316082163093,75.75083676270151,404.8842324663419,977.2512907038132,1431.5919805628557,1582.4500593853493,506.9192837824424,13.730690709431654,53.197811963123954,274.510729859001,625.1911870348266
18.513117607023254,89.98780944356984,369.0377872162887,893.2962901261634,1199.5040240126352,1328.6737526903548,450.7589989819874,14.081821142973542,58.46590366003025,292.80675011749065,770.5503090559505
14.353246635912607,72.38915483556532,333.7910111250045,1105.5089313350618,2243.8456640119352,1682.0870710816232,1714.4706144165248,53.27782507892212,169.4783590138783,337.70417142019136,1067.62422616221
14.659540877318552,94.59212095763844,465.76501231353416,1268.5179146686567,2127.732969423756,1913.3296055266014,1047.503776467095,49.3313225996438,105.90552286312837,363.99512885778677,904.2209899687829
18.596849670172862,66.06761187227676,305.86641081473016,1271.5638061817735,1880.6222904305905,1909.7867474056156,1362.4219515826553,48.19982337940989,131.65063797257608,502.75922810340603,1261.138850076745
14.37898203399042,109.67547872168262,380.0859936572766,1066.7707925730697,1954.755526569361,1993.7009289295725,1093.8778537440423,78.93831111869076,214.89502450610354,484.05716817205155,1241.6874319193885
12.342012967914343,84.70997648729826,431.35868821945036,1222.798422694827,2094.5991593046733,1957.1060538509241,1205.8323895946767,153.8035341766954,266.2417573609855,573.3405898014704,1605.156161402973
20.869950255951455,91.98878107482354,463.88092253380455,1562.1417929741242,1402.353000425423,1405.54487791347,1310.8145287077252,47.934018666909346,195.19082585338037,481.3282623756288,908.3028812841512
14.892004878032214,66.95968371147077,311.2897613550691,793.6494709718972,2191.3256320841606,2083.681596500799,1046.2262058270474,61.43634604109199,155.72844514665968,431.90430091329233,1088.0043752491474
19.89373624277747,86.30634464068861,336.6989959654553,1609.1818848506857,1822.9405774461725,1865.0278384300568,1066.1736311664183,70.12734550332728,213.89962329344417,576.4806671530628,1595.722016087112
15.627131362421398,96.1956308738639,378.1157427127861,1285.219541240173,2999.1247872809563,2340.4091538898647,1465.519233836482,52.46003455090249,131.50828682627372,537.6714590881408,1360.7856610805416
20.73991149164067,97.98007061681224,370.955585345587,1078.2439071194578,3013.264959712202,2093.14485362793,1148.5625569727272,62.51730934757506,125.12358585898376,492.22568535641756,1148.510543416875
26.273222898656968,120.614140819147,421.31994355663966,901.6512711367881,1178.5870987316591,1173.0663007088003,842.3121700190628,14.370783076536705,75.98167541072567,273.1897761500246,438.8307546521537
24.426922434223037,121.12226314700091,541.3063146783194,576.4943388518876,1028.8059699299433,1090.7387290770807,861.5834965047737,20.020774429450586,54.89604554979208,244.69118542973106,336.3353978112184
31.02657145065799,130.09133459174092,414.9638164089605,798.8525848272257,898.2385416757315,975.8326067371912,584.7670750338584,24.61347048064211,72.09214984184412,213.56013988790798,448.2104787607677
24.797550964072194,127.42667299405244,430.1969965839138,626.0556526628011,895.4598045349121,1002.4532588509221,805.5079816272482,20.629356125350263,87.01543088492811,296.88671932776924,399.5073732261856
28.724500494941214,105.34137513549163,312.4723213674345,929.2698268434032,962.518560340628,945.923279043287,661.4394106349598,18.780928554081278,91.06803595323436,173.52634650408675,462.0311549009445
23.377667735515082,89.8481177559006,465.3858219247777,707.8522143006945,920.5393667047222,1204.217353080089,655.1107995708783,30.928603896354613,79.65926462931868,267.59000761989347,413.98250176602346
20.488447592511264,115.87966632966223,556.7013842142187,1383.055087813797,1579.5111454240975,1305.5572737567127,647.353360765148,21.71430470305495,133.00112373864977,490.49340287603746,1283.675265725702
21.43843295412565,106.31216865382157,514.6447635478495,1455.0405800581598,783.9922602580239,1013.1485965612034,660.7820107868563,30.0432237151302,120.06254187295174,515.7498607162075,1080.6955494818587
23.021753719765304,112.90988206959446,507.5546424846785,1134.2387040257454,1150.8257565467306,1590.1060406565664,427.9166589037826,35.349140225611336,135.42091673960385,598.0771802221425,1376.4479803697516
18.42214883561246,86.52330985092945,435.6328588591423,1269.6217539509137,1104.0707413014024,1120.5004299854238,415.971633469065,31.438436372205615,119.21442544425858,478.5007231587855,1130.264612971805
22.087381561075745,107.70726241918842,495.20371066631435,1356.9768312086042,1062.2880382140477,1769.9537848116206,417.3346450171278,33.337897759057036,102.04445719591845,536.7104678379061,1415.862405942753
20.02974309914377,98.6200586601141,435.57397408601054,1082.6681498711307,1313.5690451255068,1382.133861362934,529.8191662694637,16.7788894722568,101.49977573095626,667.5049581003063,1219.2795693324879
24.611834412105964,115.20294541084633,410.3931224317445,1032.58452401869,1848.1481071238716,1413.5527046217273,623.4571324397499,33.623600986609134,143.70099384448744,639.0671516234677,1052.08227103545
67.47322111677688,408.77009554801043,557.6477190043855,745.0960738730305,927.1428229265534,2499.159733810772,1063.3971197241915,21.335517270975586,204.5862197264117,474.8791084828942,371.3710814476944
64.68037453196787,336.9962317733249,489.71831176647294,695.9698197161779,1028.8302991542344,2214.070942585046,1018.5154494849655,28.637926202985298,223.74242216998633,1115.4308658679947,362.0109459698821
76.26255430321665,360.01351535741316,539.4274003416456,808.4888401875892,833.0278386411567,2168.901281233877,777.2710457385207,27.15637469452243,214.32774926507653,1019.7196321334534,419.1381842686484
58.1114759502816,344.733706010001,684.7052426005248,875.8441468716287,909.9009231484185,2187.4109346047044,855.836851797377,37.10885750923383,239.70755962318316,807.8200790516178,399.239511692198
61.25993272424481,268.2144682398648,635.7688462520018,805.9894925008217,845.3860471881924,1679.3558685605724,805.4709933632984,24.224059638357478,171.5472429560808,672.96228210337,514.4226054699781
73.13336486997044,351.13166390192544,731.9984378512017,1109.2403399810814,1111.1556579265743,2256.59656116863,714.1480432807779,21.643402925811337,215.83314963330727,745.101615122597,696.0386635071287
64.3427895658921,312.111095965413,451.7073498776493,686.1692331077841,728.2203550717483,2489.9489783570166,761.5928912879898,29.831619742741168,216.55922202119353,675.5306060542352,562.8463498971735
45.57940577093783,222.8608369807189,614.1278254915184,866.5174244119165,890.6837985459714,3724.416615774234,1076.7340633928154,21.327465565084516,214.26388832084677,691.835127014822,550.5100816280271
47.253143662664414,250.67487104273943,427.58917659028276,713.0778769010989,910.6265697771062,3228.341052616636,821.1371067377428,17.611385939487565,143.56270019488875,757.0730659960924,454.15262334064266
38.94186107437902,212.10731434825965,498.74881151931675,814.533107484846,845.2523437415559,2399.6464445317783,836.2066889926791,15.765592204091565,177.32392250556344,596.6784718200797,510.271664313972
28.09987532388186,159.4208392019597,670.6890270555547,1911.981540840119,6789.39986313507,3120.3947252358003,1385.3854199014606,14.648427118042795,76.68886964460641,314.6645902203163,876.3550827256404
27.00120521101053,192.29949074860875,664.9324188238631,1969.0520433063307,7419.850260565678,3305.5198764627175,1687.7382071552177,15.021253880452907,73.54079794610637,388.76134668228525,1336.0170142734423
27.951151470401477,185.01214042840488,790.4354247359249,2367.978574744115,8670.831699416041,3139.498937198892,1857.9162062468629,19.520882256724384,85.0198242192273,395.07513108244166,1427.0296891943242
23.711657272962235,163.97188140955404,917.7493588696234,2336.852012898152,9774.227411168316,2663.4207362737507,2605.0102651479347,16.054029995223875,65.93146605840109,414.2641483830132,1215.244921041342
21.93705934425816,151.10855963654467,892.8295503174886,3260.0775511556612,8632.711854460338,3428.9851567894216,1973.0015976404147,16.30522311563133,90.12585023424859,409.12918070141063,1453.9375592169042
28.288635653526093,137.16895097662928,846.511970818353,2376.3481551768878,8348.494508666297,2766.92949483792,2316.2539500954244,16.79394820149658,87.89800712554037,414.3282180751363,1432.174338328652
22.2495730779483,136.20838689398562,654.6639538613769,1815.1720222296813,12459.672496528674,4059.2108688900867,1868.3929881813622,14.237500516304863,69.52160076883834,399.84443233037985,1051.9262604337805
27.35325389643549,158.94185221468797,787.1805505207739,1672.9305232716722,10997.869796879588,2790.6174420937896,2010.8152034419277,15.526023155286868,87.53396792923985,299.6693670360449,822.5282630830383
34.03885318362639,182.40489974294906,722.4707109341398,2473.3756084727747,10104.19716396431,3559.7417195836706,1378.3879997630913,25.18908245491548,93.36688042945268,303.01671731673804,1116.2203703916941
36.02327146189297,173.2164827059314,812.6669017320964,2409.0158131321273,11494.932963969804,2910.2244883204503,1708.4950551098832,13.173592107394748,66.15615194696873,352.17797032654437,1193.4813573481515
27.762627893496145,149.5939552237784,662.2505156121528,1774.1080459766085,7381.070101022721,2262.53292663147,1993.643810488594,15.60466786038887,75.7447704453904,304.83015400082024,864.0786431611826
25.658617144586362,157.2145640568051,892.3597312664302,2370.4789990056306,5785.524551029006,2475.847384279594,1873.0857170230397,11.733970022508098,52.01378509114147,390.1562806376411,1515.2030665365355
41.424140139031806,205.13232709717704,628.6220047280269,672.5451383031905,1108.2989041265098,1779.4701836022239,620.5373761883626,51.31034922703596,209.08820727305525,595.2861414756237,452.0284059820696
46.62273997990026,217.8888382350754,506.87808167301887,652.9364054999313,993.570362572558,2687.5405999403447,777.2219959500555,56.28998893958487,217.0374095435254,417.2026293299472,646.9654084530969
34.73088124697097,184.02816014418687,448.1534451851621,725.330559437008,1398.2177100827296,3453.9730631144093,628.3016614684213,32.206668650168766,222.50647552335673,482.50746192895645,703.7652201976937
27.883497816539602,219.97384347647312,436.87756262867083,663.6334844267305,1384.799590297664,1808.2267830868561,578.4165058080106,28.783617731300183,178.90694112745888,289.6907518608883,735.9825353279399
47.42904094309779,235.78938820808736,503.48764587333415,835.4997360951577,1296.4194065624226,1706.850281992306,870.1783176530153,29.87164021587038,190.13525744799213,404.0229033862318,694.5260132003265
37.5087734900153,188.03459783100215,493.90049229050055,510.31125488147757,1810.0585785691314,1439.138144755115,429.3867733556156,30.51906870658179,150.2367072992347,453.4662903080461,562.5942290791621
30.002832732415598,147.23959922980671,422.232945163191,664.8928284763048,1239.745575775703,1297.3685769364238,669.9232130851597,31.948186314024497,137.39699952655548,306.7920786791946,580.6270158483336
41.699578252378465,253.80607724621464,629.1408126658448,664.6120858470288,1339.5091605990506,1413.8877673689276,438.50980625239515,39.645545466473166,194.51373158114927,401.0166348667892,519.3208887483925
30.752002994947055,137.9576145785395,619.7528790639092,900.1845227858673,1037.7509681464485,569.4933790160964,1047.6949883199607,19.98857439085259,78.66464461200424,265.1488448679835,330.16313343448564
24.91349379752743,108.63810035468,543.7004592705052,996.0405139718205,887.694153893739,466.97720028335846,926.2789536112299,23.09603882380664,57.33111886499682,224.74860580447904,527.5732511115881
21.678538118062228,138.455760137372,651.7118960027583,1314.4414403478927,967.0453336418917,669.4150588191113,711.6454223732774,16.233311801920838,112.1602207954517,364.55079032205197,579.1779519314878
21.240702270801798,121.8007400699571,589.3067359835064,1342.91382900315,763.0720285472148,452.5218327646144,995.8558151572943,19.471947224839823,84.02657066373891,293.98472564252245,564.7995506653872
23.264305602477783,130.98734301824393,550.8296843321683,1390.211513758637,765.5070401898895,441.6625708015635,900.2183275527009,24.30000530854886,103.48455002307794,244.52350343961731,566.4824569732882
26.267825234312717,142.27291299810167,744.583686082391,1044.4638370393463,908.5147403245792,494.2422587837403,970.8834698802482,23.274937588003617,93.13359214282535,348.1667161327787,428.10411729066016
21.430297141778283,139.68555151473265,479.166863790946,1161.181361669364,904.167045501992,474.8273482459286,951.2333547721306,18.6059735888363,83.02068142176722,277.40692272828886,505.8976075037693
24.54739338822158,107.6973949734044,626.57250244931,1264.0212052358934,837.9997349008919,512.0500724234929,976.7675621068724,26.511219453963953,70.32501886279593,294.50146882437787,612.3246768036236
13.935261907987297,90.8968588153075,301.17311771745636,691.8873157530711,1105.910470388209,1707.7237378507853,595.3533263785454,12.465959610368976,77.99844307468932,157.62703740323195,383.5381657152126
19.414587216723397,86.13204666341576,286.22259483688197,750.3361966578912,999.8758802718172,1545.9130632107456,466.95454400622594,12.392842185504074,73.79970026896383,213.9461042130327,538.770083081598
14.212789191398768,75.8244160899485,266.7276620877674,636.8807595865801,1244.63899836503,1697.577728398765,590.3931744315972,11.445298661810131,65.46463694557072,172.07302563412424,463.6744253892296
17.429440797241114,78.42651634515884,407.69746359507553,754.1589917551416,1112.3440040458613,2311.6064050222435,627.6327319660534,13.739142211978711,56.89238772175303,248.64767134344825,426.01550649510074
15.828821835969089,86.79946073748579,346.73960879006574,831.6224378238743,1146.1735639652857,2507.8899440045157,396.3868489998858,15.264832162208524,75.61065440749856,239.358444321823,609.4745149716425
19.306813010904683,85.83451649834751,343.9623761399804,789.8264222613846,1496.7888708102205,2746.6017897967245,421.56117495428765,14.942536583067216,69.37978220333994,195.86436769230446,525.1000577234663
55.10088756370047,237.5310010712904,803.8602965106256,1450.8131918134168,2840.9452069954323,2954.868301857263,1287.406740397525,41.08818229568715,153.77198135570507,425.3810941875756,1068.8368988406532
45.63077269917509,253.13800666029175,734.7533521116711,1200.2972584537538,2009.878445017462,1854.1302952983724,1112.9388384753838,30.905840195856094,153.166308757558,409.55569061194547,794.0086421677843
30.277131045969625,161.8030254411375,533.8515223492868,1106.933715274868,1950.2556716054678,2135.711342960596,801.1571745805752,22.644681524170057,87.92958374200194,388.58168271273223,787.4535277454803
42.23305078633712,201.68178952555172,609.3355702566913,1813.722577277571,1461.127942442894,1604.2670990576344,899.6478246146191,24.39838213897504,105.96935684537553,430.53463358292356,1124.7553907046095
33.720038336827805,171.15775434381794,533.018965509332,1412.2682113402211,1616.1659111957993,1572.274871587753,779.7478396023312,19.311273771968747,97.41282406405662,331.65573547834845,753.5650130511882
30.72157058921099,168.14645367271925,536.3946097651497,1346.8776503674067,2219.9516016983735,1838.3500384291012,1046.252948907825,18.92727821403969,89.08053572157223,398.09217710241984,771.7999176702773
24.919534897620906,138.25787263182184,498.1449024641576,1429.8044169244044,2638.153702646494,2684.259348917752,1410.0081616078191,23.630448611981894,98.96333119744666,431.29122457129415,859.3830855707638
24.85510214807194,151.7951246457475,519.3389011412703,1374.6926028989253,2073.0874203381436,1745.200991331289,934.158330152432,14.70038819098651,82.36377406712079,301.5318365326384,1355.6451205853373
47.44762302167267,189.58774824793605,637.2307898216725,1160.5715010333806,2059.554764180133,2267.680811078598,976.3146796242022,33.857379352669035,105.23988324777261,339.8585246588724,854.622908226059
43.03418530364676,217.29118511939305,567.8684098904487,1317.3706602662182,1511.8743447512388,1696.7238792013377,728.9691986854498,26.823136933429243,111.00339283007875,391.0969814982964,875.3005612669511
37.994688203713544,235.1631941881884,1029.495173078651,3044.4015327046313,3607.018678936486,7092.27838111917,977.81936606206,34.93023615245086,178.46695160885184,799.2981610949306,1387.9051700228204
36.08450315185473,277.37341303287155,1097.9974205680192,2506.377680263792,3367.9585547223687,7127.240482551353,1023.6015803447615,28.55306991028192,267.3876143301119,701.375644661331,1456.8043510491648
36.22899425415865,241.17340534618899,1076.1538653921646,2313.8610201788442,2097.7708819837617,3277.670819031074,1006.453418258888,27.601386489448487,191.92072347419648,797.4523318213564,1424.812459262398
38.972974431332354,242.2689015762686,1043.646241627944,2280.82496390678,1751.4176039807498,2168.8093700259924,1204.6474969495707,23.532707919541277,156.68295804885562,750.0449189664796,1544.4115920520076
33.40645868507757,206.23616623259537,1120.4088766695932,1886.7626559014122,1564.1572016247856,1902.741525997718,861.2378088847423,27.37664059080998,170.1467000565899,661.8714514984749,1477.0741958105937
34.32135981522636,224.54170968862792,1013.9845291586437,2019.0139786296834,1814.8904315276693,2173.8673498822995,1717.597789024934,21.715645733556205,131.1202181730526,597.2419346173604,1178.2709883426623
39.24277173850957,184.4498001684745,856.7221420424369,1647.950795511094,2395.2573006606353,1996.4665359010296,2782.4531108364463,32.738776983222735,157.71839174917358,767.31472326365,1241.919927154978
33.78447748680871,198.73513422824905,645.7534263789809,1218.8333027785022,1853.0224316834162,2773.1761238947506,750.6905927040302,26.88557141010096,157.28170001302595,795.3241317130935,1345.317188104925
41.980822314818695,148.3694876831335,564.7649149196998,1278.5046949374178,3928.3573731463407,6787.552804123609,3835.96344363441,27.517578747627944,73.74148014685488,228.80863487150054,470.5806625658491
37.42736895038979,213.16139681703257,748.6568501944032,1205.23991425056,3789.354892271881,7261.335798875119,3536.333877807483,18.59889866433271,84.40302530405945,547.7958036233904,464.0421525991211
37.33936577637602,213.8679190397864,814.3978448743001,1503.1333374079936,2329.307347513114,3104.2004162160056,2425.5045299759754,28.034357265238214,109.75779366507291,538.6802489754433,677.2481108698994
33.114182805310215,154.63659072618853,641.6438783657893,1218.793831624401,1767.8176841189463,1596.0286158869662,1928.6401258756714,19.144339960170328,130.35224464059863,709.2887663064369,468.1126347387519
42.30998429919903,182.5553037719219,1025.7736741491437,1289.5877330175908,1741.5049630546318,1580.5599231484034,1746.0913556534795,24.330902044050163,183.53970401351881,1039.9574005266186,476.8655594537655
48.88329010669743,222.50319257529918,1213.2720939507708,1260.0390118757882,1504.1852281431977,1303.320642876749,1753.070854227369,23.678686500399635,199.9640853196567,1121.2495076991618,641.2230870851004
31.3145426135937,224.48731732068697,1109.4786884073012,1527.7974577449882,1309.7868023986618,1500.6825888324527,1491.025719673683,20.927446768415393,182.6107399686589,891.3102135410686,647.3521136551474
32.471687733171464,147.91622793889834,885.3180570955542,1568.4433566040047,1465.6379574549694,1240.5177574368815,1627.250345839187,17.769712355390464,109.99225291620434,657.0126205562847,582.5563973328099
40.53503360036605,206.37792722029067,1057.051851830911,1179.4095719909917,1746.751886197676,1396.9789262178042,2734.913407595207,27.124998608177215,175.60847376537276,995.337301592653,528.0326867581655
23.863697410619352,198.60415089902622,924.4634320929956,1332.2563550562286,1417.4734727020066,1178.9576155887914,1412.9297707844526,18.15978765200513,143.56254576068991,902.1402633221975,808.2502050135905
36.9846886133843,219.14451621849244,837.786491158884,1263.6085983930775,2306.4556895668306,1610.7433737715085,1736.1031649007152,16.94957373131668,142.02566649535825,695.0711352353294,676.6929803979583
35.72485995348931,241.58920401140736,859.6545595228672,1438.923639269235,6225.185411528994,3390.9887183159594,2872.128389580175,12.338460295849169,65.40913338946605,294.1367460133042,740.6668087301465
28.52321907878892,222.7040468090563,870.9215982592044,1783.591753498651,2319.0713396084807,3051.7590742210546,2403.4153968493147,20.79574697716695,87.15008303850966,356.4958944695924,992.5029339211371
34.4084964984213,252.4159701526126,1155.415870977876,1410.016310072504,2477.3411624729633,3079.7726438157256,1649.1544339861723,14.993789729618582,98.18347196785423,394.81992619667045,911.5973313141923
43.62569509481061,177.34210099266784,847.8337280798394,1363.0487242989861,2448.8413560949266,3108.684324340274,2101.1005268798517,12.73363674989135,84.89746462245239,457.0015819258212,926.816546863876
28.242382399524402,204.14645465745707,765.8223797554772,1718.6686393513032,2543.6526064015925,3974.1736059114332,1577.9364712573588,17.841784370107536,91.77606500571467,378.35958102170844,806.1691332575864
28.824497043484975,136.4266681387574,618.9029829964663,1481.7526750486966,2184.235084445526,2640.057224176824,1296.8567624905459,21.23049119265488,76.94198435532356,407.15726833014435,957.23373802534
31.431919584162337,197.81984716715908,1000.2148967866475,1582.3530070042857,1678.990287144979,2983.5416280155378,1262.4152689334005,20.23420849852967,81.04030207514975,456.6267702258192,966.3225692703079
31.499250016961007,176.64770925293368,921.8154198390741,1416.8894069793944,3330.7805429485934,2902.153748672455,1379.5779196769,15.043126476142787,80.771545632883,426.92458178467734,753.7122473753989
58.74863270375256,311.3588918239305,540.8282114014339,1831.487590771479,3139.0362386740744,2140.5939119706554,613.8429446082251,39.795840988828175,164.4538981994216,448.7784750192271,1959.2710920491563
73.61764652574978,326.6787841232629,871.4457988805758,1990.9410354290155,4497.854751785597,2259.652873708556,1024.8593376042943,41.46410795154709,186.9080567989343,949.4108111734191,2096.093979535003
74.52201995177893,352.4126763473032,536.9381016025629,1369.8978163823485,3443.242050513625,2444.952950249115,548.2304220423102,39.215602238444255,179.2467530868404,300.3187849458384,1342.1915357975909
92.2472269925153,371.8019062691019,812.3528828452497,1543.5101195114353,3954.1869107310968,3420.0644295662637,1081.32274854742,46.20898114457182,227.63219142122153,1527.699126573124,2646.8487102221693
60.59446854963122,333.16816847332905,895.3404611850468,2139.687940744683,5488.354940004647,3266.4277314717565,1154.5360062103716,45.532637092216945,242.75592022359098,1294.5169725512774,1977.5102323554454
68.12308040571709,333.18976919799263,649.0304168066165,1842.2928985742228,2764.885615735004,3058.3057768469052,418.1575457703632,31.186400981459883,179.5171029150903,529.7792484865058,1497.0870084157214
72.97975621268657,361.65114966624725,678.1523968469506,1960.7552848011255,3202.640493527055,2882.0944704699014,438.17148674714065,30.719095270678128,138.50571859536285,441.1853180410107,1495.0094398421547
69.20237927990577,351.959476656261,704.9427529672781,2333.189843368406,4080.7332171623907,3504.1482943445444,758.5859019925506,35.54084353871197,152.55793934639465,367.6283127732652,2202.6509426999837
76.0847748281958,300.1877610125618,609.3120422353968,1629.8984785558036,2591.8850899289055,3159.5465992316604,546.8125637651731,41.524286900084306,159.2065487433477,447.0504281919759,1576.424947684941
69.93919403763721,349.3612316721313,712.6512843192711,1648.7606488137194,3247.6146764283376,3323.7981470463174,533.3757281266153,36.37371873122174,155.00293096050154,955.5695835063234,1734.144365592549
40.36653258181953,206.23302229156252,615.0147963152267,1688.5055492964261,3127.928539004177,2907.9518009436624,461.99937985713285,26.57669198707056,112.28762715502913,489.17340564572567,1442.9144840848942
51.848362721599784,314.44155989860883,788.2325180090653,2003.971950147301,5067.333385852477,3376.3969033658504,1498.759495710954,60.078973317266595,376.90355054042686,1182.2259761776463,2906.732723934576
25.773278708152553,102.3649577290295,218.32327038868485,533.8486799805735,629.4461713883404,717.4001774733574,378.6641084965474,52.46772562417512,180.8334970938158,454.3224963326162,1408.9716090351963
27.636603821243625,76.67760320281377,288.64944961434225,600.8520459978221,836.6345341928924,881.181973716244,534.9277929277159,39.83782261231681,271.66056205312873,794.739507954878,2200.2820977509637
26.688031338499663,95.0256877936093,292.97740075124113,528.9132973663509,821.856311192736,933.8116408952822,595.3876688013163,63.11145676620314,230.03957241823076,642.5339684904708,1909.24506132553
19.901329695824337,93.81427229497541,206.89996971962194,583.4096091510728,663.8172887712717,771.7559603247792,476.5619164469341,35.604945797953405,146.0414839703978,399.59257976365427,1844.9078061133623
24.2166183454392,103.83695990778506,273.7995639633542,552.7313388072264,700.1721696332097,979.2003828988721,485.93267407050973,27.508113193631285,188.1043705988947,498.6094064357457,1591.4370840918273
21.038806729785087,66.91010901646706,237.89916909412324,786.3184417497056,881.4129839837551,1071.589083161205,474.84893573168654,27.23120179131729,96.28281768747546,272.5800755516393,945.7552365210528
21.335428425569262,96.12401576391616,277.1171003676718,445.1765383739645,685.4488332072895,720.2380977372327,487.4974568450514,59.33111503286151,198.0134637578837,821.9042045751896,1722.3540871546913
16.25861803537797,81.89753388443205,245.73580182110888,557.604969865332,707.1322120279073,740.3523911337057,452.40132711424184,18.41070592127653,100.45870109956013,356.2118048330691,1020.7708179292579
