0,1,2,3,4,5,6,7,8,9
818.055908203125,368.6767578125,1262.8902587890625,5884.94384765625,7414.49072265625,18736.572265625,11.715751647949219,58.98105239868164,309.6109924316406,882.263916015625
497.234130859375,254.85452270507812,697.31787109375,3458.279296875,3131.913818359375,10127.041015625,14.928400039672852,84.5805435180664,423.90936279296875,702.1806030273438
426.1645812988281,292.1368408203125,599.5989990234375,2358.65771484375,1672.32568359375,3500.131103515625,8.69098949432373,80.46448516845703,348.5493469238281,674.208740234375
579.7696533203125,300.47845458984375,610.236328125,2198.08544921875,855.345947265625,1274.1868896484375,11.51456069946289,80.03319549560547,423.8144836425781,806.4246215820312
396.1568298339844,342.75750732421875,585.7537841796875,3440.830078125,1607.414794921875,1430.0565185546875,16.043319702148438,65.65373229980469,521.064697265625,721.823974609375
86.98516845703125,526.369384765625,414.19720458984375,1190.153076171875,2212.9716796875,1148.34814453125,16.49105453491211,192.0146484375,1256.6871337890625,366.2857360839844
78.26539611816406,461.21142578125,425.9786682128906,967.5318603515625,873.6710205078125,406.4848327636719,11.85075569152832,136.32833862304688,850.5123291015625,379.28424072265625
97.5810546875,447.69189453125,473.4974670410156,1088.8984375,878.3174438476562,328.8487548828125,19.139314651489258,142.51426696777344,1193.2779541015625,1157.2069091796875
110.00357055664062,364.44354248046875,501.39483642578125,725.5396728515625,573.1188354492188,562.8720092773438,20.748083114624023,179.6466064453125,1306.052734375,595.1449584960938
159.40524291992188,483.91864013671875,626.5751342773438,949.3533325195312,851.7588500976562,503.7232971191406,16.894750595092773,190.6890106201172,1408.7015380859375,391.7245178222656
145.67665100097656,582.8515625,532.0061645507812,750.2825317382812,824.103271484375,394.91497802734375,20.170053482055664,212.4143829345703,1330.4544677734375,474.4812316894531
130.7423553466797,469.640380859375,539.8265380859375,915.8984375,635.3670043945312,681.259765625,13.691252708435059,174.5926513671875,991.7075805664062,512.0894775390625
149.3596954345703,508.52984619140625,666.2161254882812,694.5159912109375,692.3814697265625,647.541015625,15.189334869384766,179.77545166015625,1619.6336669921875,942.0697631835938
114.53590393066406,671.1829833984375,566.2677001953125,774.720703125,536.9789428710938,345.9853515625,18.679553985595703,238.417724609375,1233.00146484375,509.1871337890625
72.137939453125,531.5556640625,373.4549865722656,1179.9163818359375,949.7147216796875,543.5628051757812,26.901626586914062,225.2578582763672,1501.0736083984375,604.2273559570312
131.12440490722656,561.6853637695312,511.0159606933594,888.4205932617188,601.3631591796875,418.92620849609375,22.984256744384766,250.77154541015625,1196.5162353515625,384.2729797363281
147.2686767578125,991.3453369140625,725.070068359375,781.234375,601.6275024414062,316.04412841796875,30.82588768005371,334.23785400390625,1968.9744873046875,772.23388671875
130.81427001953125,737.3745727539062,647.7378540039062,699.9852294921875,530.3115234375,258.5021667480469,34.21952438354492,287.0361022949219,1480.3050537109375,506.9107971191406
133.33535766601562,934.0228271484375,622.9067993164062,758.7794799804688,671.0849609375,340.6451110839844,27.265193939208984,295.3912048339844,1959.686279296875,611.56787109375
99.98193359375,688.2786254882812,473.24365234375,767.9650268554688,632.5054931640625,463.74664306640625,17.88376235961914,218.6070098876953,1034.8211669921875,357.12261962890625
184.276611328125,870.4645385742188,852.8759765625,800.8487548828125,658.8128051757812,613.6415405273438,23.092140197753906,292.7893981933594,1762.8172607421875,577.4352416992188
360.1951904296875,408.25714111328125,1189.735595703125,1339.269287109375,693.974609375,1231.1756591796875,8.203768730163574,56.473018646240234,255.1820526123047,500.88531494140625
498.32647705078125,520.8001098632812,1915.4345703125,1576.4571533203125,1266.4390869140625,1399.648681640625,27.41576385498047,55.4633903503418,239.64085388183594,927.1990966796875
422.2666931152344,415.994873046875,1342.010986328125,1568.6004638671875,937.1925048828125,1172.2755126953125,16.639467239379883,68.4720230102539,288.1867370605469,455.1076354980469
247.05087280273438,356.13983154296875,886.2857666015625,827.6063232421875,586.0841674804688,850.3342895507812,5.449268817901611,40.94307327270508,170.7943115234375,524.8316040039062
305.89288330078125,404.86865234375,1049.7984619140625,1591.3900146484375,852.1256103515625,1658.372802734375,8.417542457580566,54.3276481628418,256.9908447265625,484.9697265625
280.7903137207031,425.5362243652344,944.0968627929688,1198.954833984375,726.228271484375,1542.3070068359375,5.616480827331543,58.99903869628906,206.47076416015625,496.01226806640625
263.59161376953125,421.896484375,876.7109375,1186.5638427734375,838.6705322265625,1650.8892822265625,5.20594596862793,48.028099060058594,219.59217834472656,510.4156188964844
386.154052734375,390.558837890625,1164.4066162109375,1209.88330078125,643.539306640625,1029.605224609375,7.076871871948242,56.70943832397461,266.4303894042969,567.512451171875
316.50244140625,374.0096740722656,1164.367431640625,1272.24658203125,554.3416748046875,613.055908203125,10.807953834533691,42.97037124633789,121.86415100097656,406.61700439453125
456.03094482421875,450.4530334472656,1573.431884765625,1516.011962890625,669.7178344726562,677.3687744140625,11.436064720153809,49.521514892578125,171.9249267578125,541.4537963867188
430.22149658203125,417.88262939453125,1596.3575439453125,1199.452392578125,839.45068359375,603.6383666992188,8.283709526062012,51.09111022949219,168.6505126953125,535.2160034179688
528.4312744140625,469.4029846191406,2339.531005859375,1464.9324951171875,780.843505859375,883.2416381835938,11.670684814453125,53.7381591796875,152.56895446777344,823.1873168945312
456.17327880859375,326.94873046875,1623.7171630859375,1394.177490234375,817.7713623046875,748.67578125,12.053743362426758,67.46694946289062,128.4818572998047,707.06689453125
345.8016052246094,299.37322998046875,1303.9678955078125,1600.789306640625,903.8016967773438,617.5363159179688,9.869805335998535,52.31659698486328,99.66985321044922,428.288818359375
357.8325500488281,307.7370300292969,1307.1729736328125,1867.3603515625,1022.116943359375,793.6978759765625,11.119633674621582,54.39833450317383,132.31246948242188,647.9917602539062
205.37356567382812,341.2347717285156,1039.9287109375,1253.6527099609375,1682.41796875,908.4458618164062,11.900325775146484,109.1709213256836,455.8863525390625,444.3768615722656
225.17623901367188,312.7715759277344,1071.547119140625,1197.9921875,1129.5052490234375,464.31402587890625,12.754176139831543,162.01199340820312,765.3497924804688,359.6932067871094
164.43524169921875,285.88726806640625,700.0037841796875,805.5223388671875,690.1993408203125,386.91400146484375,17.18964195251465,176.32154846191406,946.3916625976562,279.34844970703125
155.40164184570312,337.0697326660156,703.1202392578125,924.8117065429688,918.7364501953125,254.19802856445312,15.890992164611816,170.5706024169922,870.3701782226562,368.7096862792969
159.32980346679688,313.3960876464844,777.5255126953125,1430.344970703125,944.0533447265625,440.350830078125,13.395005226135254,160.01837158203125,665.2609252929688,397.30181884765625
176.4269561767578,326.3606262207031,783.42236328125,1882.223388671875,890.6124267578125,1361.282958984375,21.02634620666504,266.5397033691406,1269.29248046875,539.7354736328125
157.9742889404297,465.15447998046875,661.9131469726562,18401.92578125,1959.4300537109375,10649.076171875,3.934232711791992,22.97767448425293,121.83342742919922,212.1761474609375
184.7710418701172,826.2838134765625,872.3439331054688,9116.826171875,1902.275390625,9341.07421875,4.97699499130249,26.959396362304688,241.86070251464844,358.04656982421875
234.07708740234375,316.6685485839844,818.8824462890625,4795.35498046875,1325.13623046875,6777.51708984375,4.722455024719238,20.831398010253906,111.9637222290039,177.26747131347656
234.10934448242188,395.924072265625,1052.3892822265625,5943.6005859375,2227.79736328125,7265.21240234375,4.9354023933410645,23.265682220458984,180.74266052246094,210.830322265625
135.74072265625,340.507080078125,597.5722045898438,3377.67919921875,1253.5506591796875,3487.447265625,4.924201488494873,25.561256408691406,133.43812561035156,204.02784729003906
167.75802612304688,297.2171936035156,724.7752685546875,5401.85986328125,2105.166015625,7685.5908203125,5.810904026031494,24.082550048828125,115.23877716064453,318.5
142.55029296875,381.74957275390625,533.5070190429688,3775.907470703125,2687.3466796875,1968.105224609375,3.363006353378296,16.132511138916016,155.9604949951172,226.76429748535156
243.94155883789062,331.1722717285156,770.5803833007812,4303.55419921875,3959.108154296875,3061.797607421875,3.558004140853882,16.668224334716797,170.3499755859375,195.142333984375
347.81219482421875,445.756103515625,1112.328369140625,2497.205810546875,3177.14990234375,636.633056640625,8.221325874328613,78.56291198730469,205.84327697753906,296.17340087890625
495.4232177734375,368.21624755859375,1478.75244140625,964.2302856445312,1063.4906005859375,808.2979125976562,11.568894386291504,55.098880767822266,138.99456787109375,489.9487609863281
348.6709289550781,408.27752685546875,1352.024169921875,992.7127685546875,1379.85693359375,654.6767578125,12.136812210083008,67.89165496826172,248.08030700683594,257.53790283203125
327.75421142578125,353.36688232421875,975.1690673828125,940.0900268554688,1184.5068359375,613.4511108398438,11.024715423583984,76.34815979003906,134.20816040039062,200.2014617919922
266.1003723144531,339.3161315917969,890.6116943359375,920.9890747070312,1204.6640625,608.9442138671875,7.004249095916748,66.08411407470703,219.09494018554688,206.8108367919922
490.7823486328125,440.43231201171875,1731.029541015625,841.4093627929688,1041.0810546875,554.4658203125,10.250142097473145,94.52762603759766,206.4018096923828,226.43133544921875
328.3542175292969,321.2983093261719,1019.5265502929688,1111.834228515625,1325.2177734375,564.7505493164062,12.813257217407227,69.81446075439453,174.19866943359375,174.16265869140625
285.928955078125,364.5877990722656,1009.3689575195312,864.4437255859375,1129.5679931640625,612.9802856445312,9.576827049255371,52.53031539916992,116.92481231689453,319.0939025878906
349.7442626953125,418.89208984375,799.1378784179688,1128.5361328125,1109.389404296875,1657.8411865234375,2.780158281326294,26.386001586914062,148.5215606689453,167.15403747558594
401.10943603515625,283.1805419921875,1027.716064453125,1112.375732421875,833.2374267578125,1128.891845703125,4.299325942993164,22.084688186645508,117.12796020507812,340.6581115722656
322.4779968261719,220.5561065673828,846.9737548828125,1356.9356689453125,1229.84814453125,1262.1944580078125,4.434035778045654,23.882720947265625,74.73636627197266,258.3702392578125
379.03155517578125,540.0791625976562,861.7955932617188,956.6610107421875,1521.918701171875,1178.30078125,4.045629978179932,24.834882736206055,210.4896240234375,172.3950958251953
351.3330078125,336.0904235839844,817.8521728515625,1394.9534912109375,1822.2178955078125,2550.717529296875,3.4971330165863037,25.156904220581055,113.71381378173828,199.6459197998047
395.4773864746094,307.63555908203125,1334.95068359375,1215.4432373046875,1093.09423828125,1954.986328125,4.050166606903076,17.606828689575195,98.93630981445312,295.30816650390625
422.20806884765625,325.080322265625,989.2708740234375,1449.644775390625,1054.42333984375,1332.710693359375,3.422370195388794,22.60038185119629,65.59835052490234,248.45457458496094
375.114990234375,369.3388977050781,1032.656494140625,1368.104248046875,2074.107421875,1329.7086181640625,2.1312808990478516,13.150413513183594,75.72952270507812,268.18798828125
360.5962829589844,246.97744750976562,882.71484375,1330.318359375,1156.050537109375,2979.48046875,4.930271625518799,22.11962127685547,84.74677276611328,207.1863250732422
347.176025390625,382.3224182128906,888.2262573242188,1523.899169921875,1697.2996826171875,3229.22509765625,2.4502248764038086,19.627553939819336,94.14278411865234,226.38844299316406
420.85015869140625,327.87054443359375,1005.2394409179688,802.3425903320312,683.152099609375,1630.265625,2.483280897140503,18.160398483276367,106.47095489501953,216.24142456054688
434.00726318359375,311.9508056640625,1118.066650390625,903.7607421875,1601.222412109375,1373.44970703125,2.5779950618743896,21.56499671936035,96.19013214111328,252.49127197265625
402.88629150390625,323.19097900390625,938.6070556640625,1274.4761962890625,1074.538330078125,2144.96337890625,2.728785753250122,19.706012725830078,72.66073608398438,255.77084350585938
401.23797607421875,341.8803405761719,934.9476318359375,1175.0843505859375,2120.231689453125,1707.45654296875,2.7562992572784424,21.426271438598633,83.59268188476562,190.6586456298828
471.41650390625,381.39019775390625,1109.400146484375,1085.551513671875,1694.6142578125,1181.090576171875,2.757397174835205,21.190359115600586,126.52019500732422,299.56707763671875
503.7566223144531,451.4300231933594,1239.428466796875,1547.1173095703125,1012.92724609375,1815.0257568359375,2.9414119720458984,20.850194931030273,110.49797821044922,334.5231018066406
419.39056396484375,388.7496337890625,968.7345581054688,1197.98828125,1785.7843017578125,1271.685302734375,2.725335121154785,19.064706802368164,179.7203369140625,268.4667053222656
379.65594482421875,310.619140625,1006.7095947265625,1320.7216796875,1117.69775390625,1501.7236328125,2.7702534198760986,21.456920623779297,81.49205017089844,260.9720153808594
489.2008056640625,390.20050048828125,1383.836669921875,1347.5421142578125,1235.70947265625,1316.3978271484375,2.577129602432251,20.617658615112305,87.36446380615234,370.5303955078125
397.3089599609375,430.95654296875,979.521484375,1229.2445068359375,1506.668212890625,1378.904296875,3.1401209831237793,18.698179244995117,154.03334045410156,252.62850952148438
444.9191589355469,357.2027587890625,1192.098876953125,2703.88818359375,4675.02734375,1732.8330078125,2.214451789855957,14.525192260742188,122.87403106689453,340.2105712890625
841.6478881835938,347.66094970703125,1421.1871337890625,2256.859375,920.8746337890625,1508.0472412109375,3.093975067138672,8.413023948669434,31.46034812927246,124.93915557861328
1145.55322265625,338.84112548828125,1915.914794921875,1903.3011474609375,786.99755859375,1652.4251708984375,1.807935357093811,8.234452247619629,35.092918395996094,137.93043518066406
2158.73779296875,445.1875915527344,3866.018798828125,2162.000244140625,935.5628662109375,1459.257568359375,4.457894325256348,10.284286499023438,39.23450469970703,239.62716674804688
776.4071044921875,342.2103576660156,1427.7103271484375,2833.24169921875,1209.887939453125,1263.4688720703125,2.5642900466918945,8.154412269592285,46.3202018737793,207.6157989501953
633.5870361328125,346.6806945800781,1142.0701904296875,1923.8472900390625,928.3909912109375,1054.031005859375,1.4632899761199951,10.051512718200684,44.149139404296875,132.94505310058594
677.1356811523438,302.53924560546875,1186.7301025390625,1740.4888916015625,742.071044921875,1180.07177734375,2.449786424636841,10.900923728942871,36.42366409301758,171.59226989746094
637.3231811523438,269.784912109375,1175.3631591796875,1548.1658935546875,677.0706787109375,891.12353515625,1.957305669784546,10.36598014831543,52.56963348388672,171.9507598876953
646.6552734375,293.180908203125,1200.082275390625,2203.68798828125,943.2535400390625,1114.1893310546875,2.163910388946533,8.114303588867188,40.998783111572266,139.81082153320312
711.3333129882812,273.91754150390625,1240.0771484375,1855.7015380859375,775.7841186523438,1337.3304443359375,2.0177841186523438,7.03763484954834,37.880584716796875,124.50529479980469
1628.564697265625,267.9952087402344,2818.57373046875,1980.2769775390625,863.9071044921875,840.9971313476562,1.4300183057785034,9.441631317138672,39.996849060058594,151.2210235595703
674.533935546875,253.7327117919922,915.4327392578125,1880.9501953125,807.2696533203125,1050.0316162109375,1.4979900121688843,7.260978698730469,35.3140983581543,100.77030944824219
766.8023071289062,354.2666015625,1281.82568359375,1594.226806640625,729.9403076171875,637.1221923828125,1.3307547569274902,7.377073287963867,33.734676361083984,147.4744873046875
525.4954223632812,128.60446166992188,397.4455871582031,1289.2376708984375,1506.81201171875,1558.0777587890625,7.42919397354126,19.501161575317383,92.7457275390625,202.07797241210938
596.112548828125,92.91291809082031,482.51092529296875,2486.322998046875,4295.09130859375,2240.8310546875,10.669388771057129,28.184934616088867,95.44579315185547,479.0033874511719
277.0998840332031,94.53996276855469,230.48025512695312,2022.9964599609375,3497.736328125,2044.5018310546875,9.339262962341309,37.68962097167969,68.9677734375,283.16522216796875
344.3570556640625,103.99556732177734,343.29840087890625,1167.136962890625,1982.678466796875,631.9840698242188,9.025552749633789,27.082332611083984,83.70165252685547,229.09707641601562
319.8054504394531,115.02767181396484,285.3504333496094,1388.2322998046875,2906.060546875,1443.123779296875,8.542962074279785,19.92836570739746,50.3956298828125,318.17266845703125
426.3270263671875,91.36000061035156,365.3282165527344,2018.8375244140625,3570.888671875,1504.5423583984375,10.213848114013672,29.013290405273438,66.03492736816406,384.7890930175781
297.780517578125,72.86431884765625,226.22006225585938,2233.829345703125,3851.57275390625,3813.240234375,9.95943546295166,22.94576072692871,61.997745513916016,484.2847900390625
467.6385498046875,97.2338638305664,494.0718688964844,2362.56494140625,3942.170654296875,2430.27685546875,9.210481643676758,28.87908935546875,82.67134094238281,566.79150390625
490.9945068359375,91.46273803710938,426.0657653808594,2226.217041015625,4234.8564453125,2847.75927734375,10.672887802124023,27.562665939331055,104.1497802734375,411.175048828125
1038.3145751953125,103.7619400024414,654.341796875,3778.008544921875,5423.9970703125,3512.651123046875,10.937528610229492,23.780921936035156,86.47789764404297,1386.002685546875
483.4944763183594,99.05107116699219,310.006103515625,1770.945068359375,4130.8759765625,1702.673828125,9.67807388305664,34.68293762207031,86.66651153564453,382.4931640625
415.802490234375,178.8433074951172,608.89794921875,3243.42822265625,1335.8017578125,1468.7603759765625,12.736401557922363,62.02771759033203,157.73193359375,332.6093444824219
358.87890625,173.72193908691406,588.0804443359375,2284.997314453125,1750.045166015625,877.7523803710938,12.696305274963379,49.510032653808594,107.61170959472656,387.98919677734375
663.7032470703125,280.5586242675781,1066.6126708984375,1953.9105224609375,1628.6412353515625,693.1909790039062,10.469581604003906,74.37821960449219,265.5097961425781,635.2348022460938
420.73980712890625,175.271484375,659.5703125,1828.036865234375,1630.74560546875,1226.591552734375,10.126058578491211,50.367496490478516,163.3015899658203,519.5862426757812
465.56982421875,137.6348114013672,722.9005737304688,1700.134521484375,2067.75,873.816650390625,16.366682052612305,50.98512268066406,113.17141723632812,370.5950622558594
332.2896423339844,146.3382568359375,530.9264526367188,1755.732421875,1582.125,707.1572265625,13.794830322265625,46.08041000366211,131.08187866210938,413.84759521484375
473.8873291015625,165.11888122558594,751.8563842773438,2046.1107177734375,1732.9637451171875,806.2008666992188,15.18088150024414,59.081092834472656,150.7808380126953,496.9515686035156
668.998046875,244.99301147460938,1059.154052734375,2116.768798828125,1772.38037109375,828.4374389648438,12.623299598693848,76.86983489990234,172.57254028320312,701.5171508789062
417.24755859375,244.181396484375,721.4728393554688,1129.48291015625,1020.3936157226562,874.1278686523438,9.17446517944336,68.16705322265625,184.60357666015625,435.432373046875
495.0997619628906,213.2579803466797,866.1668701171875,2072.837158203125,1711.046630859375,910.4970703125,13.650187492370605,65.99790954589844,155.39674377441406,662.5424194335938
492.4422607421875,199.58145141601562,842.7977294921875,1346.0419921875,1457.962646484375,694.4385375976562,11.82583999633789,50.77533721923828,169.050048828125,452.8264465332031
978.6146240234375,257.981201171875,1880.382568359375,1756.808837890625,1685.9310302734375,1236.3431396484375,15.93276309967041,71.95463562011719,226.12643432617188,887.0204467773438
750.496337890625,276.0669250488281,1422.7674560546875,2012.0767822265625,1376.61279296875,993.54541015625,19.455673217773438,72.88021850585938,297.5634460449219,1325.6785888671875
1231.742431640625,221.24746704101562,2193.452392578125,1330.3489990234375,2028.4444580078125,822.5113525390625,13.449910163879395,54.853538513183594,175.62185668945312,962.4403076171875
444.3302917480469,314.3685302734375,724.0955810546875,1544.3016357421875,1668.7132568359375,698.9049682617188,27.09174156188965,62.690250396728516,174.08522033691406,657.400634765625
384.63818359375,252.90762329101562,650.9244384765625,2000.671875,1356.426025390625,1538.2803955078125,12.113622665405273,53.86884689331055,199.48141479492188,642.4549560546875
479.2298583984375,238.55575561523438,696.5347290039062,3849.555419921875,3060.18212890625,3193.274658203125,10.88227367401123,99.2455062866211,195.64512634277344,349.32537841796875
337.4126281738281,475.44842529296875,986.8974609375,1350.6514892578125,1886.4619140625,1210.57080078125,4.288879871368408,24.368141174316406,177.49945068359375,392.9018249511719
487.59210205078125,486.9126892089844,1358.8546142578125,1491.4925537109375,2087.3271484375,1368.852294921875,5.557947635650635,35.54927444458008,201.0726776123047,708.3931884765625
418.3062438964844,476.99102783203125,1252.9344482421875,1530.243408203125,2366.72412109375,1009.39990234375,4.80708646774292,27.396835327148438,175.6476287841797,461.3567199707031
346.33819580078125,434.81243896484375,994.3351440429688,2282.0625,2726.09619140625,1409.245361328125,4.017276287078857,31.088088989257812,126.84139251708984,404.814697265625
321.63409423828125,305.6341247558594,1088.94091796875,1681.4691162109375,1930.8095703125,1329.4154052734375,4.883358001708984,31.404237747192383,155.0273895263672,555.158447265625
522.272705078125,470.2310485839844,1805.531494140625,2344.372314453125,1836.48779296875,2455.529541015625,5.374850273132324,36.07526397705078,220.53744506835938,688.9423828125
424.87548828125,592.0051879882812,1090.556396484375,2646.562744140625,2055.429931640625,3149.497802734375,4.611941337585449,35.83695602416992,184.07269287109375,396.3033142089844
451.3724060058594,421.65557861328125,1135.8326416015625,6398.4365234375,3381.49267578125,5274.04833984375,3.7662627696990967,30.6304874420166,168.7301788330078,634.903076171875
2048.50537109375,887.3035278320312,1129.705810546875,1873.034423828125,4788.7724609375,742.1957397460938,18.153356552124023,173.19947814941406,1096.047607421875,706.051025390625
3000.03564453125,749.0360107421875,1520.705322265625,1620.328125,5118.61572265625,788.9541015625,20.213626861572266,175.23448181152344,1074.17822265625,1129.89794921875
2522.029296875,1261.9017333984375,1553.9091796875,2129.68896484375,2561.433837890625,853.2753295898438,33.005638122558594,181.80921936035156,1795.9765625,1464.25732421875
3752.959228515625,1103.815673828125,1923.0054931640625,2339.5849609375,3659.07666015625,1350.1573486328125,18.920373916625977,137.83103942871094,1381.5308837890625,1449.7203369140625
2809.02001953125,837.5611572265625,1150.5489501953125,2829.26708984375,7539.86328125,1947.39111328125,23.0588436126709,184.9912109375,1102.04931640625,1406.017578125
206.35850524902344,170.31704711914062,1147.703369140625,1288.6175537109375,885.6585693359375,387.58892822265625,15.836703300476074,63.090354919433594,235.15673828125,777.9166870117188
128.95018005371094,216.07009887695312,864.7445068359375,1355.4478759765625,1002.3720092773438,505.5486755371094,13.689643859863281,57.61522674560547,315.17767333984375,733.5678100585938
152.29010009765625,199.54464721679688,1018.28857421875,1109.9246826171875,859.3570556640625,516.9166259765625,13.279464721679688,78.41114807128906,205.35403442382812,1265.1064453125
144.20150756835938,193.49288940429688,597.6261596679688,1216.475341796875,1313.587158203125,473.0703430175781,13.650391578674316,56.722938537597656,203.7157745361328,784.7809448242188
196.51123046875,236.8330841064453,903.5357666015625,1279.6051025390625,945.034912109375,471.100830078125,12.3770112991333,66.40892028808594,278.0096740722656,1082.20947265625
119.54513549804688,268.05523681640625,916.12109375,1074.5677490234375,971.908935546875,520.8078002929688,17.543123245239258,93.97112274169922,240.20811462402344,1337.8663330078125
162.0145721435547,206.70034790039062,850.2420043945312,1303.8009033203125,1206.889892578125,726.5082397460938,12.380640029907227,70.62081909179688,213.8942413330078,1845.489501953125
768.59716796875,290.9219055175781,1184.68310546875,1414.712890625,992.39453125,1505.553955078125,12.40560531616211,82.87439727783203,216.59559631347656,735.486328125
493.98248291015625,246.3615264892578,718.6817626953125,1014.3054809570312,666.7909545898438,1474.462158203125,10.690621376037598,75.04219818115234,161.47731018066406,488.74859619140625
442.221923828125,299.13006591796875,735.9561767578125,748.30419921875,509.2445373535156,1290.7530517578125,10.295196533203125,75.33779907226562,188.6877899169922,629.3557739257812
415.4290771484375,220.1188201904297,707.6854248046875,930.2418212890625,693.8229370117188,1464.3504638671875,12.58729362487793,63.419132232666016,180.79806518554688,446.6442565917969
160.30606079101562,188.2779541015625,549.5081787109375,473.15740966796875,2099.6943359375,1014.8875122070312,8.79449462890625,22.1719970703125,61.708805084228516,262.71337890625
117.12333679199219,161.20046997070312,412.8265686035156,450.5869140625,1362.8128662109375,798.5889282226562,5.23887300491333,19.276845932006836,35.2677116394043,121.1651611328125
92.44207763671875,191.44613647460938,332.4712829589844,358.8527526855469,1078.9530029296875,656.929931640625,4.29858922958374,15.286664009094238,37.49095153808594,112.6871566772461
92.05835723876953,164.4607391357422,342.6036071777344,467.49334716796875,1564.8779296875,561.1463012695312,5.295061111450195,11.984984397888184,55.23767852783203,148.05569458007812
99.12200927734375,177.39749145507812,339.76507568359375,444.4146423339844,1919.7314453125,627.1597900390625,4.234315395355225,13.753800392150879,44.983055114746094,139.19647216796875
83.05441284179688,173.32586669921875,311.3251953125,422.89764404296875,1526.09765625,795.47314453125,5.241313457489014,11.298527717590332,46.158714294433594,122.73094940185547
110.76882934570312,238.4911651611328,361.3815612792969,508.22955322265625,1604.6337890625,769.2962036132812,4.704664707183838,14.199081420898438,45.68236541748047,119.3315200805664
116.36953735351562,146.08474731445312,379.75750732421875,338.7701110839844,1095.335205078125,588.393310546875,3.5622949600219727,12.704567909240723,39.25035858154297,123.82292175292969
138.8681182861328,149.5591278076172,458.35760498046875,497.48150634765625,1761.91796875,537.4874267578125,4.693064212799072,18.498268127441406,67.29395294189453,418.0320739746094
113.4501953125,140.87472534179688,382.88702392578125,350.3955078125,1298.858642578125,1334.3497314453125,6.043325424194336,11.70114803314209,49.436038970947266,133.62869262695312
143.6248779296875,273.34515380859375,424.04437255859375,477.09912109375,1917.413330078125,1374.9132080078125,5.070927619934082,20.040163040161133,55.54243469238281,196.98899841308594
108.47404479980469,303.0510559082031,404.199951171875,350.3424072265625,1468.680908203125,717.7056884765625,6.975529193878174,15.035932540893555,51.363216400146484,181.52188110351562
103.13880920410156,223.13485717773438,369.1518249511719,332.2679748535156,1408.7252197265625,684.0562744140625,4.918081283569336,12.56652545928955,51.95363998413086,133.6007537841797
95.77638244628906,140.00405883789062,349.0633239746094,304.29095458984375,1145.5791015625,1228.3746337890625,7.449477195739746,19.183391571044922,38.851444244384766,169.00889587402344
476.75579833984375,329.05474853515625,1111.061279296875,1686.9349365234375,1290.478271484375,683.6755981445312,19.341049194335938,65.42778015136719,163.363525390625,601.1593627929688
240.93223571777344,268.87884521484375,568.0028076171875,1817.3314208984375,1439.047607421875,694.743896484375,17.080854415893555,47.371761322021484,243.70765686035156,384.1332092285156
248.19691467285156,522.7487182617188,623.8592529296875,1306.28564453125,1023.867919921875,732.344482421875,43.58472442626953,89.62033081054688,458.2189025878906,500.1944274902344
231.14183044433594,512.701171875,582.1917114257812,840.8297729492188,404.52880859375,619.1692504882812,36.964111328125,66.90435028076172,380.2524108886719,416.5663146972656
214.89175415039062,213.094482421875,483.38671875,736.7357177734375,453.8880920410156,441.4875793457031,18.5189151763916,57.12102508544922,165.04544067382812,280.78875732421875
278.02935791015625,409.97454833984375,742.9469604492188,1038.3922119140625,581.4182739257812,705.5719604492188,22.953062057495117,67.57481384277344,341.2655029296875,515.4166870117188
309.56805419921875,311.2909851074219,781.9443969726562,861.81982421875,541.227783203125,527.8598022460938,12.44046688079834,53.11162567138672,202.57630920410156,459.2739562988281
287.3294677734375,445.0132751464844,729.8690185546875,893.7044677734375,559.7500610351562,489.7545471191406,16.468019485473633,63.67498779296875,282.1124267578125,440.0019226074219
232.39590454101562,415.5482482910156,691.3275756835938,933.8854370117188,605.9378662109375,447.58154296875,30.91581153869629,94.50311279296875,134.20565795898438,397.1150207519531
270.24310302734375,279.38946533203125,735.2129516601562,880.8507690429688,575.5205688476562,487.0632629394531,20.113672256469727,73.82341766357422,242.72970581054688,547.1248168945312
259.0508728027344,272.7960510253906,721.093994140625,1439.9246826171875,1278.546875,802.7452392578125,15.839155197143555,71.26394653320312,124.22203063964844,409.2862854003906
192.90289306640625,392.04730224609375,560.4486083984375,3158.3125,3475.10791015625,2200.352783203125,16.51210594177246,61.49921798706055,360.7923889160156,547.0426635742188
324.5985107421875,404.8211975097656,877.2404174804688,15127.224609375,17149.232421875,11118.169921875,11.070697784423828,47.506900787353516,360.2335510253906,436.35418701171875
163.613037109375,50.81483840942383,254.87295532226562,510.26885986328125,997.81689453125,831.3294067382812,6.6906914710998535,15.731269836425781,36.925621032714844,99.41006469726562
102.59701538085938,49.3323860168457,216.6264190673828,430.5230407714844,1244.2197265625,1758.9088134765625,4.866311550140381,16.990734100341797,20.75419807434082,99.14057922363281
113.23297119140625,52.20927047729492,362.4649658203125,744.9150390625,960.8341064453125,1388.886962890625,2.461369752883911,7.306397914886475,24.709062576293945,78.50232696533203
99.43255615234375,45.80760192871094,248.8120880126953,567.7060546875,965.854736328125,1509.23095703125,2.0791406631469727,9.237406730651855,18.755722045898438,61.724098205566406
108.52864074707031,57.58604049682617,213.70156860351562,771.9744262695312,1592.37451171875,1303.015625,1.377313494682312,5.0139312744140625,26.465110778808594,87.42335510253906
102.14644622802734,55.82844161987305,258.48052978515625,729.7140502929688,1068.5281982421875,851.38818359375,2.2731635570526123,6.849603176116943,18.18916893005371,72.20338439941406
102.95954895019531,50.81975173950195,168.7134552001953,538.4384155273438,947.595703125,1584.293701171875,2.9391298294067383,9.059396743774414,21.796855926513672,65.10958099365234
211.74642944335938,54.52385330200195,419.41632080078125,707.8392333984375,1016.511962890625,1516.0966796875,2.5713062286376953,9.192639350891113,21.364816665649414,72.92970275878906
148.736328125,99.63706970214844,337.4435729980469,527.3448486328125,1249.8809814453125,961.0370483398438,2.7056374549865723,11.601119995117188,29.489164352416992,86.86038208007812
72.09233093261719,56.64719772338867,172.03797912597656,509.31951904296875,851.244384765625,1587.224853515625,2.7676563262939453,7.922471523284912,28.985300064086914,69.7562255859375
97.30612182617188,62.244972229003906,205.3263702392578,484.65228271484375,1041.679443359375,1385.7076416015625,2.8406124114990234,9.083340644836426,32.19989013671875,99.18887329101562
686.41650390625,557.2188720703125,1169.829833984375,1524.6480712890625,2447.2001953125,1358.7879638671875,13.452553749084473,90.78289031982422,195.9497528076172,880.5093994140625
814.0369873046875,620.8922119140625,1360.7374267578125,1553.9439697265625,2172.44287109375,1688.1328125,35.399505615234375,98.72593688964844,321.4121398925781,854.3213500976562
857.618408203125,1116.2001953125,1738.8909912109375,1515.2135009765625,2193.369384765625,1450.593017578125,17.6622314453125,83.66140747070312,429.4813537597656,661.094482421875
690.4971923828125,667.856689453125,1078.2608642578125,1617.871337890625,2292.9306640625,2008.095703125,19.92630958557129,126.78271484375,558.9354248046875,1561.748046875
1189.0020751953125,732.94482421875,2098.354736328125,1170.1021728515625,1746.424072265625,1202.5128173828125,18.763202667236328,75.41170501708984,275.0648498535156,1633.2767333984375
1447.37841796875,538.1064453125,2965.67138671875,1402.2169189453125,1513.9259033203125,1467.28857421875,17.894920349121094,94.2921371459961,437.01171875,2223.750244140625
911.8353271484375,832.1444091796875,1660.9097900390625,1873.734375,2661.18701171875,2104.718994140625,27.871505737304688,99.46743774414062,344.8634338378906,1588.873046875
1229.689453125,634.77587890625,2083.319091796875,1636.0191650390625,2319.3798828125,1765.2869873046875,11.961709976196289,104.10258483886719,406.9399719238281,1480.8067626953125
713.0213012695312,680.1720581054688,1457.1949462890625,1026.012451171875,1778.4964599609375,1065.712646484375,18.81639289855957,101.94120025634766,460.35809326171875,1184.7347412109375
810.5689086914062,525.4964599609375,1499.528076171875,1437.082275390625,2421.740234375,1384.2886962890625,22.059476852416992,122.22197723388672,399.9527587890625,1172.7596435546875
866.1035766601562,552.9869995117188,758.4693603515625,750.2271118164062,583.867919921875,365.9599914550781,24.670513153076172,37.534523010253906,102.97300720214844,186.68922424316406
976.5489501953125,489.3851623535156,1079.0328369140625,781.2806396484375,487.8597412109375,741.3721923828125,23.94957733154297,57.51408767700195,104.84021759033203,265.0315856933594
1368.4189453125,1113.5343017578125,1480.3499755859375,698.46142578125,541.337890625,521.8751831054688,29.523141860961914,54.10499572753906,128.9453125,367.6080017089844
1296.548828125,591.0238037109375,1548.196044921875,1009.85205078125,776.1865234375,454.2732849121094,23.155338287353516,58.67675018310547,114.69627380371094,376.76470947265625
767.833251953125,671.8646240234375,919.59716796875,767.88134765625,651.9935302734375,402.65216064453125,22.441265106201172,74.08243560791016,100.79743957519531,345.54425048828125
648.9258422851562,285.322509765625,1191.6834716796875,1149.167724609375,986.322509765625,1425.5908203125,16.649641036987305,41.16900634765625,166.1471710205078,496.0861511230469
491.58380126953125,385.15118408203125,904.74267578125,1410.384521484375,1432.281982421875,1684.3111572265625,6.798614025115967,37.41735076904297,152.14785766601562,332.59136962890625
583.5274658203125,283.3846130371094,996.8757934570312,1645.569580078125,1587.7979736328125,1157.26513671875,8.100274085998535,41.22046661376953,132.96214294433594,344.4108581542969
486.5336608886719,419.17071533203125,842.74609375,1579.991943359375,1728.814208984375,1958.4410400390625,10.3154296875,47.52922439575195,189.7051544189453,471.87261962890625
464.0888366699219,412.7967834472656,895.7765502929688,1669.7484130859375,1228.7646484375,1860.0128173828125,9.269460678100586,57.45235061645508,143.71701049804688,469.84197998046875
621.5232543945312,429.28045654296875,1238.503662109375,1251.999755859375,1356.43115234375,1186.65283203125,6.6651082038879395,38.413150787353516,197.7788543701172,492.91192626953125
583.06640625,421.1561584472656,1110.2462158203125,1450.8428955078125,1570.1173095703125,1252.57568359375,6.987915515899658,55.54584884643555,220.53408813476562,493.3777770996094
461.2506408691406,426.4363708496094,752.0838623046875,2683.45947265625,1597.072998046875,2468.068115234375,7.250673770904541,32.729576110839844,167.6697235107422,361.5238342285156
421.2937316894531,516.3587036132812,1549.042236328125,1758.1490478515625,1020.6388549804688,1396.92822265625,25.703611373901367,102.82353210449219,216.9302215576172,688.1824951171875
550.76611328125,642.0145263671875,1749.9296875,1832.121826171875,1603.408447265625,1755.954345703125,32.710479736328125,126.26004028320312,246.04983520507812,826.7933959960938
717.5491943359375,674.5972900390625,2050.423095703125,1821.447265625,1020.5194702148438,1713.6123046875,25.968217849731445,83.54570770263672,315.1513977050781,840.153564453125
437.15924072265625,559.3204345703125,1379.708740234375,2148.3359375,1307.151123046875,1904.0186767578125,28.31362533569336,84.86526489257812,216.0873260498047,602.6542358398438
411.4656066894531,630.2142944335938,1444.3870849609375,2772.3330078125,1399.0260009765625,2118.0595703125,22.266775131225586,87.24093627929688,238.870849609375,775.90380859375
480.6085205078125,657.8057250976562,1634.495361328125,2734.378173828125,1461.253173828125,1590.63916015625,21.491146087646484,104.92473602294922,293.4395751953125,448.17919921875
430.4742431640625,645.642578125,1482.518798828125,3876.51416015625,2170.271484375,2344.78662109375,30.96053123474121,99.9168930053711,290.64031982421875,636.32568359375
599.7486572265625,794.4944458007812,1809.211181640625,2334.995361328125,1211.522216796875,1481.9876708984375,28.565269470214844,100.241943359375,211.99362182617188,802.1636962890625
589.3017578125,587.61376953125,1822.065185546875,2521.14990234375,1122.089599609375,1721.6180419921875,32.95815658569336,102.27023315429688,346.0507507324219,904.5248413085938
550.31884765625,877.4913940429688,1641.379638671875,2587.76025390625,1562.3782958984375,3002.9443359375,29.145280838012695,109.79022216796875,393.77044677734375,885.3262939453125
468.4266357421875,758.7156982421875,1527.7054443359375,2215.0595703125,1219.576416015625,2049.196533203125,29.11579704284668,114.06563568115234,335.1250305175781,748.5771484375
555.55615234375,590.63232421875,1870.6083984375,2078.171142578125,1318.731689453125,1910.088134765625,30.245460510253906,112.1482925415039,292.96881103515625,773.0097045898438
588.1785888671875,774.7700805664062,1899.102294921875,2344.10009765625,1560.140869140625,1892.5723876953125,32.937286376953125,98.50684356689453,211.3858642578125,977.0950927734375
745.6829223632812,693.5023803710938,2332.07568359375,2389.60400390625,1764.4267578125,1975.27685546875,31.190549850463867,104.7737045288086,257.9418029785156,945.3955078125
355.656982421875,237.45614624023438,630.6214599609375,1261.291748046875,2326.32275390625,155.04478454589844,23.787784576416016,68.25804901123047,143.22633361816406,552.38525390625
253.62411499023438,275.32452392578125,603.30078125,746.1426391601562,1443.9454345703125,183.09664916992188,20.831506729125977,71.1927719116211,150.80645751953125,509.4911804199219
304.2318420410156,284.82647705078125,925.1808471679688,999.923828125,1447.248046875,284.3087463378906,25.208112716674805,64.74250030517578,169.62721252441406,518.3910522460938
304.0211486816406,459.23406982421875,1053.557861328125,1238.6611328125,1884.1107177734375,273.0224914550781,35.39990997314453,85.99732208251953,216.3076934814453,659.4456787109375
292.53912353515625,390.92474365234375,699.7276611328125,894.3441162109375,1900.8956298828125,170.55136108398438,28.014568328857422,71.63306427001953,200.55569458007812,583.7617797851562
225.299560546875,339.52947998046875,568.9544067382812,829.6986083984375,1435.91259765625,234.3433837890625,25.15201759338379,64.53538513183594,177.41036987304688,575.4008178710938
284.48638916015625,322.65106201171875,1390.272216796875,919.9429931640625,2041.18994140625,281.8033447265625,20.767120361328125,49.06684875488281,193.95872497558594,548.0043334960938
245.66094970703125,418.99951171875,683.6964721679688,1545.7711181640625,5119.53857421875,224.853515625,19.56147575378418,64.21073150634766,222.22828674316406,379.71343994140625
243.8429412841797,501.1875,1116.1962890625,3990.79833984375,24043.189453125,289.7804870605469,23.594303131103516,68.46707916259766,215.87062072753906,462.1514892578125
1281.2724609375,450.2528381347656,1735.691650390625,14374.744140625,4178.51416015625,1550.4202880859375,7.624462604522705,24.686965942382812,142.3004913330078,552.1400756835938
1415.56689453125,730.6676635742188,1918.616943359375,4853.0390625,3528.72314453125,1610.806396484375,8.662454605102539,23.418434143066406,230.4507293701172,609.4537963867188
1119.598388671875,353.0087890625,1436.199951171875,1775.7005615234375,1992.961669921875,1269.3814697265625,8.269758224487305,38.16945266723633,183.33203125,605.2683715820312
1866.335693359375,287.7359313964844,2618.887939453125,1920.455322265625,2099.18505859375,2018.4658203125,8.681326866149902,36.11812210083008,142.82876586914062,1410.0220947265625
1436.4571533203125,462.3567810058594,1870.259765625,3421.444091796875,3850.166015625,2818.0517578125,9.053017616271973,39.51396560668945,188.40162658691406,1011.6837158203125
1727.83544921875,387.3538818359375,2453.765380859375,2357.27880859375,2204.111328125,2011.3804931640625,10.162128448486328,34.374961853027344,163.7313995361328,825.704833984375
1683.833740234375,904.8756103515625,2260.98046875,2960.376220703125,3368.352294921875,1787.5328369140625,10.642539024353027,29.366439819335938,342.4649963378906,701.69775390625
1209.4541015625,778.6959228515625,1874.0390625,3866.54150390625,1194.6728515625,2352.90625,40.413543701171875,110.08894348144531,352.7635803222656,771.4795532226562
843.34228515625,455.4676818847656,1342.0804443359375,2593.876708984375,1003.0296020507812,1859.1070556640625,43.56108093261719,103.93084716796875,350.9569396972656,1295.33251953125
876.4000244140625,387.366455078125,1480.6409912109375,2117.98828125,918.127685546875,1549.784423828125,37.36056900024414,145.59945678710938,279.6611022949219,520.1801147460938
571.4072265625,533.2518310546875,1005.9273681640625,2468.12548828125,1219.2144775390625,2244.03369140625,33.73421096801758,114.85111236572266,224.30020141601562,429.4781494140625
823.9502563476562,653.11474609375,1378.497802734375,3263.039306640625,1418.3896484375,2817.01513671875,37.017669677734375,92.93788146972656,343.9800109863281,555.4743041992188
976.685791015625,617.8387451171875,1456.997314453125,3592.41650390625,1614.65234375,2926.564208984375,30.970722198486328,117.68828582763672,365.47283935546875,633.2200317382812
933.692138671875,430.7308044433594,1536.7779541015625,4068.99365234375,1687.62353515625,4647.82763671875,37.548465728759766,107.48682403564453,399.7219543457031,608.7971801757812
1006.542724609375,405.90301513671875,1870.965576171875,5815.3388671875,1838.56494140625,4704.3125,35.430908203125,88.1523666381836,267.2473449707031,910.0560913085938
303.26910400390625,436.9595642089844,670.3961181640625,1023.99365234375,523.8699951171875,821.5955810546875,28.64913558959961,83.1737289428711,241.3206024169922,746.254150390625
269.7134094238281,452.06024169921875,802.7244262695312,678.6498413085938,407.743408203125,469.879150390625,23.73975372314453,105.46014404296875,388.3879699707031,472.35821533203125
359.5321960449219,370.9425964355469,835.0892333984375,609.2689208984375,380.0378112792969,535.1961669921875,25.908342361450195,68.73836517333984,270.0574645996094,556.8660278320312
326.05914306640625,569.5851440429688,900.6316528320312,1014.5516357421875,643.539306640625,631.7976684570312,18.199493408203125,89.21286010742188,373.677978515625,535.765625
175.31350708007812,81.65005493164062,189.13778686523438,750.7132568359375,1048.4840087890625,476.2490539550781,1.8759621381759644,6.539443492889404,22.016313552856445,42.05940628051758
149.96237182617188,95.0459213256836,185.86764526367188,490.23431396484375,698.0098876953125,305.5410461425781,2.2589871883392334,7.947843551635742,23.25249671936035,40.06056594848633
99.77779388427734,78.58067321777344,244.0825958251953,508.5585021972656,686.299072265625,499.8387145996094,2.022165060043335,7.069973468780518,16.210859298706055,42.212493896484375
126.98910522460938,85.58402252197266,238.13681030273438,647.0706176757812,996.8743286132812,390.2608337402344,2.039320707321167,8.871685028076172,19.388395309448242,48.25947570800781
141.40402221679688,84.10597229003906,364.5249938964844,640.0621948242188,1013.4915161132812,374.64605712890625,2.6250391006469727,9.981698989868164,20.346511840820312,60.74149703979492
188.08177185058594,102.18419647216797,336.11981201171875,599.6012573242188,1195.844970703125,496.2809143066406,2.312321424484253,9.24167251586914,23.907630920410156,70.94541931152344
148.1576690673828,77.65232849121094,213.10922241210938,483.05926513671875,816.7382202148438,323.0993347167969,1.9739090204238892,7.983928680419922,21.217975616455078,41.66737747192383
120.86043548583984,79.2741928100586,295.822021484375,442.9583435058594,745.5838623046875,237.68429565429688,2.4109559059143066,7.166520118713379,19.899206161499023,49.957828521728516
186.5657196044922,107.8779525756836,277.0153503417969,438.819580078125,514.9473266601562,359.6766357421875,2.803694248199463,10.021199226379395,25.812108993530273,49.65248489379883
145.45944213867188,105.24859619140625,241.02694702148438,1208.6796875,1079.8043212890625,1144.860107421875,2.848083972930908,11.797128677368164,26.187976837158203,61.906002044677734
118.42704772949219,91.77593994140625,247.92105102539062,1759.5560302734375,1089.5860595703125,1335.488037109375,2.375920534133911,8.543607711791992,20.72218132019043,45.559696197509766
590.9720458984375,227.81784057617188,748.9614868164062,887.6887817382812,933.666259765625,634.3890380859375,8.975176811218262,50.875247955322266,112.96094512939453,239.54446411132812
535.327392578125,216.34152221679688,727.0432739257812,1001.5904541015625,926.340087890625,667.52197265625,8.746208190917969,44.27970886230469,118.2938461303711,421.3067321777344
1345.7713623046875,266.88446044921875,1326.396240234375,874.7160034179688,933.9568481445312,669.414306640625,7.390854358673096,51.09306716918945,129.98562622070312,491.0576171875
810.3663330078125,227.3406982421875,1001.7623291015625,772.0587158203125,787.2758178710938,539.4559936523438,8.847451210021973,48.114715576171875,128.45167541503906,538.1449584960938
770.2021484375,217.49282836914062,811.1873168945312,907.6964111328125,828.7354736328125,768.0567016601562,8.488791465759277,53.88067626953125,116.66917419433594,489.1805419921875
663.1578369140625,251.57522583007812,846.8966674804688,1049.3548583984375,1269.0518798828125,616.85400390625,8.947209358215332,46.36587142944336,114.49896240234375,440.998046875
801.9746704101562,254.03128051757812,1013.6739501953125,899.6212768554688,1252.59765625,614.3107299804688,8.311256408691406,75.16323852539062,158.16824340820312,578.0878295898438
618.30029296875,181.068359375,862.8250122070312,1596.634765625,1584.466796875,1459.189208984375,7.49057149887085,43.93696975708008,123.72530364990234,496.06463623046875
876.1599731445312,530.33984375,1173.7801513671875,1978.6331787109375,1849.651123046875,2748.744384765625,19.321552276611328,98.518798828125,265.1158447265625,645.1589965820312
901.6158447265625,436.39886474609375,1375.753173828125,1733.393310546875,1352.263671875,1602.1640625,22.46234703063965,127.21566009521484,638.257080078125,627.1322021484375
972.4852905273438,633.1541748046875,1915.9593505859375,1744.974609375,895.2981567382812,3315.332763671875,18.948762893676758,135.10403442382812,765.75146484375,829.0637817382812
788.779052734375,444.59130859375,1220.3411865234375,4707.59765625,2608.677978515625,7154.44189453125,16.73325538635254,98.94996643066406,588.1783447265625,516.9863891601562
873.0413818359375,466.50244140625,1562.8067626953125,2257.005859375,1561.1142578125,3388.610107421875,23.847606658935547,83.35057067871094,265.60369873046875,689.5264892578125
700.1580810546875,444.444091796875,1226.9925537109375,3225.586669921875,2395.373779296875,5185.318359375,19.623878479003906,113.71865844726562,418.9018859863281,610.7894287109375
782.9312744140625,389.0843811035156,1273.3363037109375,2854.19677734375,2466.91943359375,4688.984375,21.480361938476562,67.52510833740234,291.66046142578125,388.1108093261719
351.0025634765625,467.15692138671875,719.1231689453125,1028.8310546875,843.5762939453125,837.8931274414062,17.649919509887695,51.432735443115234,209.34228515625,336.4666748046875
416.9754638671875,466.37646484375,732.6466674804688,1352.264404296875,843.1322021484375,1680.7825927734375,18.666135787963867,103.34307861328125,330.08673095703125,476.0887756347656
367.8386535644531,223.1493377685547,537.5325317382812,6364.2216796875,2063.789306640625,822.4716796875,27.224641799926758,81.17919158935547,170.91659545898438,333.6912841796875
306.51220703125,240.0068359375,497.48541259765625,3064.253662109375,1430.7755126953125,806.8720092773438,23.625751495361328,51.167869567871094,175.99403381347656,370.5879821777344
143.17527770996094,148.77584838867188,249.37179565429688,2027.9453125,1680.9638671875,671.87744140625,17.65216636657715,37.3947868347168,145.06216430664062,296.82452392578125
238.2767791748047,161.48330688476562,349.3345642089844,1652.3251953125,1461.388671875,661.4328002929688,17.54638671875,59.2276496887207,114.27230834960938,342.97174072265625
217.33160400390625,158.41897583007812,343.915771484375,1216.0869140625,1284.621337890625,572.9906616210938,13.83968448638916,57.90211486816406,146.412109375,372.289306640625
217.644775390625,193.10145568847656,362.0579833984375,1621.812255859375,1810.1298828125,833.8449096679688,18.236799240112305,54.32583999633789,139.72320556640625,246.34983825683594
241.35855102539062,189.94093322753906,351.50933837890625,1344.103759765625,1189.0130615234375,557.999755859375,18.764732360839844,50.94691467285156,149.35580444335938,366.933349609375
245.08981323242188,151.3238525390625,432.8697204589844,1905.183837890625,1243.7587890625,667.6447143554688,15.9696683883667,49.94801330566406,139.34207153320312,342.2033386230469
252.22662353515625,225.4930419921875,467.411865234375,1678.474853515625,1359.259765625,740.384765625,17.57821273803711,52.69969940185547,165.1093292236328,307.5470886230469
366.91162109375,180.29141235351562,548.41455078125,1544.4649658203125,1500.4320068359375,796.4916381835938,16.595474243164062,54.208885192871094,130.48013305664062,511.0438537597656
189.12042236328125,165.5564727783203,326.13555908203125,1576.4295654296875,1561.5364990234375,539.0039672851562,15.082677841186523,49.240074157714844,125.22088623046875,387.9502868652344
377.1756591796875,250.31076049804688,659.845703125,8115.09619140625,13541.529296875,11568.865234375,19.823759078979492,101.34687805175781,189.86520385742188,650.70166015625
389.56646728515625,262.2458801269531,612.8870849609375,3270.2421875,5734.3017578125,3937.60107421875,31.0249080657959,123.67874145507812,214.86260986328125,357.9755554199219
337.7547607421875,315.27801513671875,511.21734619140625,1930.1646728515625,3211.396484375,2839.865478515625,24.65624237060547,134.7975311279297,201.31320190429688,293.6971740722656
378.762939453125,323.71331787109375,676.4779663085938,1397.667236328125,2010.3719482421875,1369.9725341796875,26.87266731262207,148.6086883544922,307.236328125,407.9635009765625
442.7513427734375,501.6640625,785.5950927734375,1126.8314208984375,1813.151123046875,1748.23779296875,24.318458557128906,135.00592041015625,249.387451171875,410.4653625488281
445.7174377441406,324.3000183105469,693.0203247070312,1241.833740234375,2244.582763671875,1376.609619140625,24.499935150146484,82.08341217041016,231.5677947998047,481.44921875
555.113525390625,450.5951232910156,883.2828369140625,1564.305419921875,3247.818359375,1568.0738525390625,22.901330947875977,112.69420623779297,337.3762512207031,666.031982421875
412.4882507324219,474.3223571777344,685.774169921875,1662.8170166015625,3450.783203125,1763.30810546875,32.432098388671875,174.3766326904297,288.2643737792969,538.0086059570312
254.5818328857422,470.302734375,651.1805419921875,720.0042724609375,1673.146240234375,648.2843017578125,111.16889953613281,294.8377685546875,177.64210510253906,379.2734680175781
203.89382934570312,292.98992919921875,607.2398681640625,1078.974609375,1865.8212890625,597.8681030273438,141.77601623535156,347.2794494628906,213.40431213378906,493.5909118652344
186.12408447265625,522.420166015625,543.1588134765625,615.1363525390625,983.6528930664062,536.5694580078125,149.91407775878906,451.9336853027344,248.92420959472656,440.5320129394531
197.17095947265625,299.7243347167969,530.4571533203125,450.6443786621094,557.0614013671875,594.3441772460938,137.98997497558594,420.6980285644531,310.9972229003906,478.1258239746094
191.9847412109375,318.01519775390625,511.123046875,628.8528442382812,1138.50537109375,620.2164916992188,108.73334503173828,391.87725830078125,276.9331359863281,381.44744873046875
238.1002655029297,378.30712890625,709.5042114257812,814.4375,2001.01123046875,1014.7672729492188,123.92012023925781,371.8712158203125,239.61062622070312,431.0712890625
937.0069580078125,250.30935668945312,1308.963623046875,2258.223388671875,2581.191162109375,509.431884765625,94.10002136230469,346.620361328125,217.2033233642578,1108.9102783203125
625.4595336914062,249.9899444580078,1392.7060546875,2726.65576171875,2665.236572265625,648.1571655273438,14.8303804397583,59.522613525390625,157.29226684570312,923.5792236328125
1430.81689453125,277.7180480957031,1695.369384765625,2416.802734375,2851.787109375,594.984375,15.89869213104248,60.85906219482422,234.21676635742188,861.24072265625
742.9837646484375,206.0732421875,1445.584716796875,2199.900390625,3037.15087890625,482.4768981933594,13.877110481262207,54.78968048095703,306.5461730957031,1213.0780029296875
1159.96630859375,259.40948486328125,2369.34765625,2070.272705078125,2247.0341796875,499.9233093261719,177.2757110595703,467.5623474121094,416.49591064453125,2002.6160888671875
212.9764862060547,135.9716033935547,445.2997131347656,905.9069213867188,1522.693603515625,1006.2639770507812,4.7030558586120605,27.10668182373047,34.51640701293945,97.49018096923828
187.0580596923828,148.84173583984375,382.77459716796875,1709.9664306640625,1899.990478515625,1905.1373291015625,5.359673976898193,13.818377494812012,41.933895111083984,101.86225128173828
290.1543884277344,138.04762268066406,587.89501953125,791.0311279296875,1050.6246337890625,993.40234375,5.451426982879639,15.957254409790039,37.89419937133789,126.68756103515625
176.0068817138672,141.05943298339844,421.440673828125,1249.36083984375,1266.185546875,1782.7998046875,4.480600833892822,12.755464553833008,47.889892578125,183.74920654296875
245.00885009765625,131.1618194580078,498.4722595214844,771.3912353515625,940.3341064453125,784.6163330078125,4.977318286895752,16.309127807617188,23.974475860595703,127.0057373046875
201.1302490234375,126.81636047363281,422.6961364746094,761.8770751953125,889.312255859375,714.9336547851562,5.1353230476379395,14.330875396728516,41.51603317260742,83.84912109375
304.2419738769531,145.73117065429688,604.7705688476562,1323.0364990234375,1254.5286865234375,661.777587890625,4.252829074859619,17.982467651367188,31.870359420776367,69.7938461303711
180.3937225341797,128.41171264648438,415.5419921875,1627.0726318359375,1075.41943359375,518.1760864257812,4.175680637359619,15.68525505065918,27.80709457397461,101.78990173339844
540.8960571289062,118.37077331542969,471.74090576171875,2099.9736328125,3173.87646484375,1118.9244384765625,8.047639846801758,25.99705696105957,93.24049377441406,147.54522705078125
440.1109619140625,114.30338287353516,354.16192626953125,2183.02490234375,2932.60107421875,2360.65478515625,7.6645426750183105,17.838668823242188,62.936058044433594,205.4352569580078
498.0301513671875,91.08496856689453,437.4564514160156,1451.4013671875,2184.3486328125,878.8185424804688,6.09119176864624,20.641216278076172,43.37525939941406,155.85690307617188
1064.728759765625,126.59111022949219,698.829345703125,1477.3707275390625,2002.5224609375,946.2427368164062,6.675124168395996,20.693552017211914,65.15830993652344,259.82049560546875
564.2410278320312,115.63653564453125,606.16748046875,1477.9757080078125,1986.72119140625,2130.30517578125,6.283407688140869,25.597991943359375,54.92317581176758,285.5227966308594
612.1409912109375,126.74980163574219,658.5616455078125,1549.4808349609375,2659.79638671875,2225.00732421875,6.380338191986084,21.150787353515625,42.08871078491211,202.5322723388672
470.272216796875,110.84912109375,386.41064453125,2011.1217041015625,2735.513671875,1895.4188232421875,6.870638847351074,23.92116928100586,56.070152282714844,257.2107238769531
275.26708984375,184.1409454345703,585.6503295898438,1664.8492431640625,1025.0675048828125,364.91015625,7.09195613861084,22.569580078125,68.06090545654297,113.0389175415039
263.4028015136719,147.40061950683594,578.3890380859375,1635.5089111328125,1081.3714599609375,493.11871337890625,6.448017597198486,17.008495330810547,46.5388298034668,131.54205322265625
326.70489501953125,147.705078125,673.6275634765625,1151.90380859375,801.5167236328125,364.5018310546875,5.323980808258057,18.680021286010742,50.66769027709961,133.1471405029297
260.32757568359375,248.18911743164062,631.4835815429688,856.9851684570312,1112.432861328125,439.60577392578125,5.784200191497803,25.133602142333984,54.638824462890625,171.43515014648438
393.7362060546875,250.6549835205078,820.0267333984375,941.201171875,823.921630859375,377.2278747558594,6.784881114959717,24.17569351196289,50.184818267822266,149.45657348632812
391.91021728515625,224.4632568359375,1182.319091796875,1563.7613525390625,1024.368408203125,437.56396484375,4.807400226593018,19.270122528076172,57.33106231689453,198.3874969482422
460.5168151855469,160.8857879638672,746.423828125,2600.306884765625,5827.93359375,343.38623046875,10.860203742980957,31.550085067749023,165.70567321777344,588.2717895507812
417.3794860839844,201.23744201660156,636.94140625,2257.00244140625,4087.1552734375,368.4871826171875,19.382835388183594,44.15467071533203,180.81321716308594,501.1661682128906
516.3956298828125,224.825439453125,886.13720703125,1116.8880615234375,1862.73681640625,278.8655090332031,11.15796184539795,37.04087829589844,133.87796020507812,542.8772583007812
412.45574951171875,151.4309539794922,636.1943359375,1551.6156005859375,3223.991943359375,262.0659484863281,10.288527488708496,37.1171760559082,128.23928833007812,428.95709228515625
479.4964599609375,230.02578735351562,849.8902587890625,1262.1048583984375,2470.473876953125,329.6364440917969,10.300274848937988,45.21266174316406,126.50677490234375,856.1193237304688
448.41900634765625,205.80093383789062,730.5540771484375,1108.337646484375,2214.799560546875,259.44561767578125,10.819143295288086,37.009246826171875,193.42271423339844,672.8714599609375
898.3350830078125,256.545654296875,1238.564697265625,1489.6690673828125,2090.0400390625,350.34600830078125,12.709303855895996,35.0262336730957,123.65581512451172,773.500732421875
502.7515869140625,198.5105438232422,824.9826049804688,1495.796875,2214.916259765625,336.66961669921875,8.652569770812988,35.35005187988281,109.65886688232422,736.158203125
480.08990478515625,159.66702270507812,848.9782104492188,2239.66845703125,3150.91455078125,268.1238708496094,18.043264389038086,53.55931091308594,158.40846252441406,429.82421875
767.5147705078125,213.9860382080078,760.286376953125,1040.903076171875,1337.800537109375,1091.090576171875,17.92366600036621,101.85296630859375,142.72804260253906,382.1468505859375
814.21142578125,263.8662109375,802.8385009765625,856.4021606445312,998.6738891601562,926.2839965820312,15.58285903930664,66.44841766357422,161.62258911132812,394.85858154296875
1129.2138671875,384.010009765625,882.0603637695312,990.2880859375,1148.4390869140625,1140.481201171875,15.38426399230957,70.71991729736328,201.7180633544922,437.5227355957031
985.186767578125,228.4400634765625,1104.989501953125,1072.2689208984375,1453.249755859375,1190.4764404296875,14.83908748626709,68.79341125488281,136.2518310546875,354.8599548339844
1294.4237060546875,608.36474609375,1440.845703125,1726.426513671875,2558.13623046875,1681.8963623046875,13.532200813293457,84.1957778930664,212.37274169921875,373.5636291503906
665.138427734375,221.9691925048828,797.5974731445312,1643.6986083984375,3270.16357421875,1492.365478515625,13.835915565490723,42.89590835571289,136.15206909179688,368.4432373046875
245.38742065429688,194.62899780273438,443.34735107421875,452.6629333496094,651.0382690429688,258.8870849609375,2.7809975147247314,13.524222373962402,44.65829086303711,104.69641876220703
281.5049743652344,400.1455078125,451.7359313964844,484.51971435546875,884.6795654296875,227.52166748046875,2.1380972862243652,10.457087516784668,64.24507141113281,79.04560089111328
176.4366455078125,482.06585693359375,296.77642822265625,515.845703125,714.8536987304688,302.26812744140625,2.8917794227600098,15.955240249633789,45.63595962524414,94.36836242675781
272.69610595703125,205.52999877929688,546.2864990234375,429.2749938964844,665.90966796875,256.2803955078125,2.50626540184021,11.419290542602539,35.640933990478516,64.77725219726562
208.2838134765625,230.5138702392578,363.9772033691406,410.84259033203125,606.8356323242188,241.68528747558594,3.0700511932373047,13.01961898803711,44.22821044921875,40.29010772705078
234.08966064453125,358.6424560546875,481.94024658203125,452.55096435546875,579.817626953125,255.8277587890625,3.2480342388153076,12.838529586791992,30.345239639282227,91.13668060302734
251.60308837890625,254.7922821044922,537.3124389648438,516.0983276367188,677.67724609375,251.171142578125,2.994711399078369,12.890425682067871,31.901063919067383,74.41204833984375
292.0161437988281,386.0840148925781,595.0134887695312,490.31512451171875,664.0350341796875,418.8350524902344,6.451998710632324,21.91181182861328,37.66940689086914,131.01976013183594
189.31292724609375,197.78955078125,423.0000915527344,435.374267578125,586.7066650390625,292.56494140625,3.3208017349243164,11.792007446289062,41.1607551574707,68.85709381103516
113.39398193359375,259.1835021972656,379.95379638671875,1772.115478515625,1216.06494140625,162.38943481445312,11.14786148071289,55.272647857666016,138.47320556640625,326.67327880859375
94.33763885498047,196.9617919921875,366.51190185546875,1143.4000244140625,888.317626953125,226.7774200439453,10.764480590820312,48.176544189453125,241.8323211669922,1288.6749267578125
90.00714874267578,380.4395446777344,402.1246643066406,540.1962890625,482.50604248046875,156.10885620117188,9.465559959411621,53.27337646484375,126.65143585205078,340.3653259277344
133.14907836914062,212.66531372070312,408.32794189453125,533.8342895507812,459.0028381347656,152.05905151367188,11.802639961242676,57.37990188598633,201.69410705566406,542.2696533203125
103.5385971069336,325.8226318359375,493.2843322753906,477.392822265625,494.63568115234375,163.67864990234375,12.61375904083252,58.47311019897461,285.3523864746094,1130.7415771484375
109.27312469482422,297.500732421875,408.6422424316406,524.115234375,414.3303527832031,141.09564208984375,7.861757755279541,23.308395385742188,180.83326721191406,239.04013061523438
91.78105163574219,206.86642456054688,291.0666809082031,517.1055297851562,405.7049560546875,144.5654754638672,8.77785587310791,49.380924224853516,179.71665954589844,321.8039855957031
105.94648742675781,220.14987182617188,363.5858154296875,474.87384033203125,566.3529052734375,126.78144836425781,7.708022117614746,40.28972625732422,145.22702026367188,282.2400207519531
119.13967895507812,200.50686645507812,340.2237854003906,659.726806640625,1356.4345703125,115.93893432617188,7.986273765563965,43.782562255859375,101.2003402709961,269.82696533203125
2184.3896484375,406.5432434082031,1828.652099609375,2807.30859375,1900.62060546875,905.4437255859375,4.3398942947387695,15.731162071228027,61.531864166259766,440.8938903808594
1514.905517578125,310.08001708984375,1451.04833984375,2543.22119140625,1761.1436767578125,1283.4385986328125,6.146301746368408,20.188613891601562,71.46695709228516,259.79241943359375
1614.443603515625,350.63555908203125,1274.099853515625,1867.754638671875,1291.727783203125,952.868408203125,3.6526083946228027,13.471100807189941,69.75736236572266,178.2100830078125
1801.691650390625,348.7376403808594,1389.654052734375,1874.9849853515625,1286.7130126953125,1250.928466796875,4.080360412597656,14.263333320617676,70.01531219482422,160.88693237304688
1135.5491943359375,243.40975952148438,1040.766357421875,1485.35546875,910.2779541015625,1088.44921875,4.7100629806518555,11.994521141052246,53.57048416137695,215.88211059570312
1757.476318359375,275.54644775390625,1602.448486328125,1192.48046875,783.3723754882812,1108.0513916015625,3.4886162281036377,10.841675758361816,59.36204147338867,250.06715393066406
1741.2744140625,423.21636962890625,1795.5615234375,1562.549560546875,989.6947021484375,1296.955810546875,3.755582809448242,15.377988815307617,79.18634033203125,408.0198059082031
1205.8511962890625,316.51446533203125,1157.359619140625,1470.018798828125,1009.0731201171875,1126.207275390625,3.8031632900238037,15.829980850219727,141.72018432617188,222.1200408935547
1380.44677734375,312.8788757324219,1262.2431640625,1551.1978759765625,795.3314819335938,1009.4865112304688,5.540626525878906,14.789207458496094,67.1105728149414,245.81326293945312
1581.86083984375,258.66217041015625,1112.1927490234375,1021.6483154296875,637.2708740234375,857.1781616210938,2.9380345344543457,13.645586013793945,62.459312438964844,184.96559143066406
3354.342041015625,334.068359375,2384.787353515625,1149.463623046875,683.3609619140625,1015.3768920898438,41.2375373840332,20.731008529663086,65.39913177490234,531.822265625
1266.421142578125,271.0677490234375,1148.60546875,1262.6217041015625,824.9613037109375,880.5570678710938,7.313918590545654,28.079853057861328,65.37666320800781,253.8074493408203
2441.10986328125,275.09295654296875,1728.7581787109375,1326.416748046875,867.9298095703125,1118.7105712890625,2.7355964183807373,10.855295181274414,58.167354583740234,272.935546875
1289.565185546875,253.9932403564453,999.4818115234375,1493.2955322265625,945.7001953125,1229.1756591796875,2.9088661670684814,7.799154758453369,74.45941162109375,184.92250061035156
432.4632873535156,336.89593505859375,658.65966796875,816.6038208007812,694.1949462890625,1193.1365966796875,11.733871459960938,25.345937728881836,80.26066589355469,243.32997131347656
483.09368896484375,277.11383056640625,764.0443115234375,886.7025146484375,725.0156860351562,1392.0062255859375,10.659149169921875,35.28229904174805,109.06700134277344,395.4998779296875
634.5003051757812,303.5611877441406,848.79345703125,626.121826171875,588.4794921875,523.6068115234375,13.637436866760254,46.731056213378906,92.86217498779297,259.7210693359375
533.2765502929688,259.3258972167969,711.6209106445312,788.9725341796875,670.281494140625,515.0892944335938,10.157757759094238,51.16535186767578,144.58489990234375,367.37554931640625
608.4549560546875,321.5399475097656,887.4562377929688,744.4849853515625,568.27099609375,779.023193359375,11.725113868713379,25.99575424194336,105.8348388671875,361.2841491699219
462.7911376953125,293.8409118652344,619.0203857421875,1499.161865234375,747.1756591796875,1575.60546875,10.539422988891602,35.244014739990234,93.73690795898438,332.9165344238281
697.858154296875,126.2862777709961,591.2764892578125,929.4442138671875,1741.418701171875,603.8341674804688,9.350403785705566,16.054414749145508,47.19660949707031,163.533447265625
789.8460693359375,121.33100891113281,579.4248046875,782.11376953125,1700.447021484375,515.3343505859375,7.8941121101379395,20.409080505371094,39.24903869628906,299.62506103515625
610.85009765625,156.21731567382812,459.38055419921875,938.1324462890625,1656.044189453125,711.6229858398438,10.015461921691895,24.534568786621094,41.141727447509766,163.3159637451172
808.226806640625,212.51797485351562,585.0493774414062,791.4732666015625,1298.952880859375,664.1730346679688,10.517059326171875,18.202802658081055,44.512184143066406,158.54489135742188
499.7166748046875,98.58694458007812,448.14434814453125,734.07958984375,1126.6763916015625,558.0833129882812,9.607558250427246,25.433837890625,54.11456298828125,182.97915649414062
673.6743774414062,151.63223266601562,553.2051391601562,1116.03515625,1435.457275390625,601.6799926757812,8.263040542602539,19.260406494140625,56.2714958190918,205.35174560546875
717.485107421875,120.7818603515625,551.4743041992188,1150.7843017578125,1487.12939453125,923.7756958007812,8.971424102783203,16.310749053955078,42.54844284057617,193.36476135253906
775.548095703125,143.83677673339844,622.6885375976562,786.96533203125,1424.842529296875,613.40234375,8.276610374450684,25.809371948242188,58.36081314086914,138.83206176757812
721.5563354492188,143.62570190429688,584.4053955078125,878.5823974609375,1542.310546875,781.3078002929688,7.675460338592529,23.050378799438477,68.42971801757812,291.15606689453125
574.8403930664062,148.45864868164062,474.603271484375,1078.1331787109375,2226.697265625,569.391845703125,8.62997817993164,14.473657608032227,41.456748962402344,192.87399291992188
665.6497802734375,443.1767578125,1089.141845703125,2661.70849609375,1873.629150390625,3482.09912109375,50.79486846923828,227.75363159179688,290.87158203125,487.2677307128906
653.7642211914062,434.0188903808594,1019.7393798828125,2028.238037109375,1800.564453125,1977.261474609375,54.709022521972656,306.65631103515625,235.38018798828125,514.03271484375
721.7669677734375,808.9239501953125,1170.678466796875,1350.3076171875,1776.670166015625,1049.6650390625,42.6964225769043,243.00653076171875,265.5093688964844,543.9895629882812
831.3903198242188,490.7701110839844,1300.276611328125,1775.0299072265625,2889.76806640625,881.7725219726562,38.97624969482422,227.9698486328125,319.3075866699219,481.8111877441406
965.2352294921875,470.71490478515625,1460.677001953125,1376.4183349609375,2253.77587890625,961.9962158203125,43.68905258178711,227.50636291503906,369.1856994628906,598.0682983398438
525.6650390625,578.263671875,948.3853759765625,1652.2662353515625,1773.3291015625,1308.1529541015625,85.23728942871094,357.9649963378906,341.4112854003906,484.7475280761719
653.7147827148438,473.64617919921875,999.4675903320312,1674.102294921875,2031.1907958984375,717.9974365234375,100.78154754638672,375.46575927734375,355.8474426269531,411.2648620605469
895.8540649414062,692.2711791992188,1379.0489501953125,1817.179443359375,2297.70947265625,689.8688354492188,69.47089385986328,326.21563720703125,454.12518310546875,819.2667846679688
659.7239990234375,572.1334228515625,964.7352294921875,1574.94091796875,1706.105712890625,754.6631469726562,55.652870178222656,310.3891906738281,425.8597412109375,435.920654296875
719.7537841796875,517.6884155273438,1344.704345703125,1519.3013916015625,1727.3740234375,869.2614135742188,56.30008316040039,288.539794921875,354.3007507324219,650.3994140625
931.0576171875,555.7174072265625,1427.835693359375,2193.174560546875,2411.52783203125,1307.82763671875,43.4791145324707,252.40533447265625,379.5439758300781,504.7071533203125
734.0018310546875,711.4583740234375,1119.3040771484375,2422.500244140625,1687.996337890625,1370.1744384765625,67.18136596679688,339.2527770996094,334.12420654296875,493.82232666015625
770.634765625,542.1292114257812,1261.0772705078125,2527.98388671875,1593.37890625,1105.4852294921875,65.32991790771484,337.75830078125,329.3029479980469,539.664794921875
111.98776245117188,129.9756317138672,430.02398681640625,1774.973876953125,4587.70361328125,716.4710693359375,5.282878875732422,28.778614044189453,125.95985412597656,397.0301818847656
113.45862579345703,133.99533081054688,329.14825439453125,1046.693359375,2118.779296875,383.4092102050781,7.631196975708008,18.920455932617188,80.68533325195312,371.9212951660156
77.02506256103516,127.53111267089844,424.7693786621094,764.796142578125,1186.7491455078125,232.33535766601562,5.820556640625,19.22857093811035,63.32958221435547,228.52146911621094
107.0431900024414,83.04915618896484,339.48681640625,805.1874389648438,1374.055908203125,191.3595428466797,7.62713623046875,26.727279663085938,61.05118179321289,267.14239501953125
113.47502136230469,127.2260971069336,372.34063720703125,829.1162109375,1451.6978759765625,252.27835083007812,4.95982551574707,17.21832275390625,77.67657470703125,385.045654296875
100.37428283691406,155.983642578125,367.34185791015625,808.0885620117188,1132.23876953125,274.3575134277344,5.584092140197754,20.007966995239258,69.44254302978516,275.4582824707031
126.08943939208984,103.162109375,400.88519287109375,652.8848266601562,955.720458984375,351.9875793457031,4.762991428375244,15.35294246673584,95.28694152832031,226.71771240234375
93.83674621582031,121.7073745727539,322.397216796875,552.8486328125,922.40625,257.73126220703125,7.2467474937438965,22.371061325073242,104.04586791992188,227.2077178955078
111.2071304321289,119.17630767822266,319.1087951660156,659.3350830078125,1113.522216796875,331.7784118652344,5.281960964202881,18.25242805480957,80.54540252685547,329.8780517578125
130.1457977294922,114.82470703125,483.3243713378906,628.2587890625,974.4102783203125,165.72247314453125,4.25075626373291,13.325003623962402,66.73053741455078,284.3525695800781
104.17401885986328,101.55918884277344,257.0895080566406,639.3245239257812,1085.4832763671875,453.94586181640625,5.533746719360352,19.847930908203125,90.82302856445312,296.0647888183594
103.97402954101562,167.71054077148438,319.6282653808594,812.3839721679688,1114.494140625,369.38214111328125,6.077650547027588,25.636919021606445,131.81736755371094,243.1243896484375
112.0326156616211,107.57530212402344,313.11151123046875,645.6353759765625,1036.1173095703125,257.7915954589844,4.975540637969971,19.174291610717773,89.19149017333984,287.46319580078125
627.9716796875,271.24053955078125,854.8612060546875,3077.14306640625,14345.193359375,4884.84423828125,14.944356918334961,44.0173454284668,138.94192504882812,361.599365234375
757.391845703125,210.93032836914062,870.5153198242188,1928.364990234375,3265.8515625,1599.4356689453125,13.855971336364746,36.747215270996094,160.07485961914062,729.9674072265625
458.7709045410156,233.328369140625,580.22900390625,1723.593505859375,1944.1309814453125,1133.219970703125,9.16247272491455,56.84407043457031,210.15016174316406,385.73541259765625
450.7001953125,322.11322021484375,605.5782470703125,1780.779052734375,1445.990966796875,701.4456787109375,8.825421333312988,36.89756393432617,180.70404052734375,371.7759094238281
433.05877685546875,308.9365539550781,659.6598510742188,1250.244140625,1046.7149658203125,553.6502075195312,10.02332878112793,48.23237228393555,166.43309020996094,368.2793884277344
642.2413330078125,375.06134033203125,862.7606201171875,1493.695556640625,1148.3184814453125,623.9419555664062,10.114875793457031,49.301239013671875,228.2313232421875,453.61737060546875
485.8188171386719,283.9494934082031,849.6995849609375,1378.0325927734375,1105.8099365234375,591.6196899414062,7.363075256347656,72.48478698730469,191.72372436523438,542.2764282226562
575.8905029296875,309.4061584472656,807.7822265625,1233.069091796875,843.5223388671875,522.6840209960938,6.682857036590576,32.906070709228516,174.53521728515625,426.90869140625
439.4181823730469,309.425537109375,562.3745727539062,1903.7548828125,1060.706787109375,929.7963256835938,6.276598930358887,48.16950225830078,239.71807861328125,333.78936767578125
131.83474731445312,129.84466552734375,346.69683837890625,1708.6220703125,1245.3466796875,1007.82568359375,1.4470075368881226,4.491888046264648,22.10901641845703,45.89431381225586
225.3714599609375,173.03414916992188,589.5935668945312,1208.8189697265625,1029.4765625,935.44970703125,1.9422188997268677,5.410998344421387,24.562620162963867,68.6020278930664
227.63497924804688,149.42771911621094,593.4805297851562,1086.0543212890625,936.564697265625,1050.7354736328125,2.906700849533081,9.109938621520996,38.43412399291992,68.24787902832031
192.35623168945312,149.67611694335938,483.61151123046875,1158.472412109375,830.1958618164062,761.0590209960938,1.5620306730270386,7.433541297912598,69.6082534790039,64.6959457397461
187.23626708984375,208.860107421875,529.1039428710938,1940.982421875,1538.3466796875,1023.7048950195312,2.385037899017334,7.504188060760498,38.581485748291016,82.81205749511719
150.5150909423828,213.49740600585938,374.38262939453125,1277.633544921875,1029.3802490234375,576.70556640625,1.6401468515396118,5.024961948394775,52.93146896362305,35.29529571533203
175.98634338378906,150.72451782226562,438.595703125,1329.789306640625,1230.0438232421875,997.9234619140625,2.0437681674957275,9.18295669555664,52.498252868652344,39.35322570800781
147.65438842773438,124.04176330566406,393.8771667480469,1304.6048583984375,1951.7041015625,1115.4605712890625,2.111541986465454,10.314322471618652,51.41645431518555,55.35308837890625
158.52047729492188,156.2451171875,403.6092834472656,1351.3193359375,1262.2320556640625,1070.7579345703125,2.017871856689453,6.140015125274658,40.39012908935547,43.967769622802734
129.03280639648438,127.54316711425781,312.63275146484375,1535.6158447265625,1409.7939453125,845.2566528320312,1.7846943140029907,7.3816118240356445,26.539615631103516,53.459049224853516
179.00308227539062,131.89212036132812,458.7662658691406,1132.5181884765625,1075.019775390625,869.5903930664062,1.5013220310211182,7.010002613067627,19.886287689208984,36.4456672668457
213.60218811035156,124.0528335571289,490.5250549316406,1444.1251220703125,1572.36865234375,798.2527465820312,2.624018430709839,5.0265069007873535,23.91954803466797,46.22945785522461
183.85693359375,147.8113555908203,515.802001953125,1046.700439453125,969.9407958984375,675.2608032226562,1.5506953001022339,8.819665908813477,56.814571380615234,37.511253356933594
141.82061767578125,187.91868591308594,439.7660217285156,1035.013916015625,1071.5347900390625,574.434326171875,1.7402350902557373,10.12917709350586,56.83134460449219,36.39516067504883
316.34246826171875,177.0096435546875,839.0281372070312,1107.9066162109375,1389.595703125,555.9967041015625,1.4003781080245972,7.26703405380249,52.84151840209961,76.05213928222656
157.00457763671875,158.43118286132812,454.55859375,1277.82421875,2378.697021484375,434.54669189453125,1.811705470085144,16.25342559814453,84.15593719482422,67.1531982421875
750.8977661132812,127.91352844238281,999.7061767578125,921.4417724609375,1060.647216796875,452.2874450683594,13.331574440002441,35.65971374511719,143.6314697265625,1143.1790771484375
442.81475830078125,144.84915161132812,567.1876220703125,1193.0350341796875,1355.0966796875,498.6177978515625,19.121458053588867,34.45119094848633,125.12919616699219,542.2367553710938
503.2127685546875,140.38490295410156,788.08447265625,776.7376098632812,1124.89599609375,486.911376953125,9.329784393310547,39.022891998291016,152.30274963378906,1039.1265869140625
603.5946044921875,146.7816925048828,1027.814697265625,961.6643676757812,1043.0068359375,653.392822265625,15.012500762939453,47.07870101928711,136.38377380371094,991.4970703125
390.83282470703125,144.12728881835938,583.5823364257812,893.11279296875,891.7189331054688,411.2474670410156,17.100143432617188,50.32334899902344,208.5841522216797,726.9262084960938
424.41571044921875,120.1899642944336,684.2306518554688,905.6814575195312,1360.5537109375,348.9352722167969,11.359128952026367,47.58466339111328,113.16644287109375,686.3375854492188
297.3100891113281,162.27853393554688,417.1966247558594,627.7819213867188,1237.6632080078125,1229.939453125,12.181407928466797,86.21631622314453,301.2847900390625,512.725341796875
502.96636962890625,214.876953125,707.060546875,621.1610107421875,1376.5980224609375,819.1905517578125,16.923450469970703,133.85403442382812,419.5538635253906,616.44140625
384.783447265625,161.1523895263672,658.5304565429688,769.2429809570312,1266.590087890625,513.6259765625,17.339981079101562,95.49970245361328,330.1173400878906,594.4848022460938
264.05572509765625,146.66180419921875,459.34710693359375,825.7765502929688,1050.451416015625,1351.71533203125,35.89240646362305,175.8719940185547,403.6203918457031,484.4485778808594
570.9224243164062,421.5919494628906,942.5819091796875,10051.16796875,1843.5528564453125,3400.40771484375,15.466793060302734,26.73389434814453,88.43561553955078,323.71490478515625
678.7010498046875,435.7469787597656,1125.249755859375,6626.73046875,1591.8946533203125,2315.26611328125,15.769733428955078,27.108375549316406,112.49905395507812,384.8561706542969
556.36181640625,232.41189575195312,1006.9900512695312,2379.457275390625,1274.5911865234375,1162.453125,14.675661087036133,24.36908721923828,168.60531616210938,342.0260009765625
776.75927734375,304.9544677734375,1299.57666015625,1524.434814453125,1554.7685546875,614.6021118164062,17.525341033935547,28.451234817504883,98.10126495361328,416.3639831542969
713.9302978515625,380.5829772949219,1197.18359375,1635.3851318359375,1405.853759765625,762.4654541015625,11.915966033935547,20.34177589416504,95.04454803466797,360.5574035644531
610.3043212890625,270.1242980957031,993.5354614257812,1264.55078125,1133.25048828125,777.5348510742188,13.128301620483398,31.009817123413086,102.14883422851562,405.3450622558594
788.2171630859375,299.85546875,1408.49365234375,1516.213623046875,1454.47119140625,858.207275390625,13.701406478881836,26.30181884765625,160.79891967773438,304.2944030761719
820.35302734375,353.74456787109375,1270.498779296875,1514.465576171875,1423.6251220703125,1195.271728515625,11.788769721984863,21.83881378173828,141.73757934570312,470.7041931152344
658.981689453125,455.10137939453125,1024.523681640625,1062.739501953125,961.991943359375,635.015380859375,13.178282737731934,23.644086837768555,190.89410400390625,306.501953125
508.084228515625,402.47076416015625,870.9052734375,1526.2181396484375,1366.343017578125,1115.0634765625,12.185551643371582,25.78626251220703,146.84423828125,350.9749450683594
1087.4788818359375,462.654052734375,1856.436279296875,1572.085205078125,1457.389892578125,691.512451171875,9.145182609558105,21.409454345703125,193.80758666992188,437.4247131347656
572.2926635742188,322.7922058105469,959.9186401367188,1218.658935546875,1102.1612548828125,753.3270263671875,10.10633659362793,27.250843048095703,126.53489685058594,270.3491516113281
539.062744140625,390.7849426269531,992.1318359375,1659.442138671875,1491.554931640625,806.3672485351562,12.51123046875,26.961029052734375,313.9831237792969,363.33428955078125
869.4684448242188,417.6171875,1474.8809814453125,1919.0133056640625,1722.029052734375,848.2215576171875,14.710573196411133,28.120765686035156,205.5358123779297,372.54595947265625
890.0643310546875,331.16009521484375,1356.035400390625,1414.827392578125,1214.215576171875,987.88427734375,14.924490928649902,30.34328269958496,97.29829406738281,291.51910400390625
716.1561279296875,336.98492431640625,1173.771728515625,1279.424072265625,1088.2554931640625,1058.91845703125,15.095903396606445,23.641719818115234,67.07736206054688,281.0172424316406
554.482421875,264.9045104980469,1025.166259765625,1309.955810546875,1071.5057373046875,800.2191162109375,9.236346244812012,21.731542587280273,110.80009460449219,385.58270263671875
635.599365234375,336.61407470703125,1159.1551513671875,1440.9515380859375,1460.0491943359375,1069.9466552734375,10.478204727172852,19.9471378326416,164.5543975830078,212.84950256347656
735.6044921875,552.6585693359375,1187.7841796875,2296.28564453125,2301.53662109375,1293.654541015625,9.48457145690918,21.013303756713867,154.44496154785156,425.0387878417969
454.83416748046875,224.89370727539062,678.0526123046875,1113.258056640625,1245.902587890625,472.8949279785156,16.58369255065918,27.8220157623291,63.9361457824707,157.03797912597656
318.2553405761719,194.1560516357422,387.4247131347656,559.7510986328125,622.6038818359375,383.7071838378906,10.009546279907227,30.76323127746582,66.58394622802734,151.78611755371094
471.30902099609375,207.64453125,585.3425903320312,565.1637573242188,754.9630126953125,267.6913757324219,10.637069702148438,29.127553939819336,54.27472686767578,191.29034423828125
434.57257080078125,196.23538208007812,591.1356201171875,822.8424072265625,1133.8360595703125,340.0274658203125,7.138495445251465,30.42241859436035,74.17088317871094,267.140625
437.5314636230469,174.880615234375,438.0249938964844,706.4705810546875,735.181640625,305.4181213378906,7.189362049102783,34.340702056884766,66.40229797363281,164.7265625
499.412109375,250.1526336669922,505.92449951171875,743.0499267578125,1056.2801513671875,406.5878601074219,8.857382774353027,31.456295013427734,65.84233093261719,108.67705535888672
420.8511962890625,196.27725219726562,540.9259643554688,917.3643798828125,1019.9857177734375,404.42510986328125,7.5419840812683105,31.06306266784668,57.45174789428711,207.01805114746094
565.0028076171875,173.3009033203125,583.4125366210938,851.6761474609375,1084.9083251953125,403.6656188964844,7.754390716552734,37.159454345703125,74.32616424560547,213.7505340576172
499.0569763183594,139.8869171142578,473.2508850097656,1022.0745239257812,1457.3499755859375,508.08880615234375,9.383991241455078,19.783029556274414,58.75418472290039,183.87037658691406
517.6936645507812,275.4916076660156,610.070068359375,1250.1055908203125,1904.01904296875,743.4779663085938,7.74680233001709,25.291250228881836,84.7164535522461,261.41912841796875
143.62899780273438,71.50508117675781,261.15997314453125,379.826171875,303.019775390625,362.3136291503906,14.174764633178711,46.720584869384766,93.34867858886719,336.65350341796875
151.66262817382812,98.62944030761719,322.8498840332031,562.64599609375,463.8516845703125,512.628173828125,17.66204833984375,32.243812561035156,106.12413024902344,416.0702209472656
176.78781127929688,81.3171157836914,287.6141662597656,455.85028076171875,350.3450927734375,456.1551208496094,11.100132942199707,45.18037796020508,155.18992614746094,461.6071472167969
181.2879638671875,70.84403991699219,322.40777587890625,443.1238708496094,397.7211608886719,340.9115905761719,11.588274955749512,37.13195037841797,134.91990661621094,339.4727783203125
201.92422485351562,80.0865478515625,287.34234619140625,567.6737060546875,440.15869140625,824.1663208007812,9.125938415527344,28.336265563964844,91.86415100097656,317.4790344238281
159.4678497314453,77.365478515625,237.3767852783203,493.63104248046875,357.34515380859375,287.8543701171875,10.797112464904785,30.479089736938477,91.94171142578125,251.5124053955078
438.98455810546875,187.0935516357422,693.819091796875,3178.911376953125,9792.4375,833.306396484375,23.23118782043457,76.06614685058594,197.82249450683594,644.6039428710938
417.7455139160156,156.538818359375,679.859375,1841.6263427734375,3794.07763671875,680.4862670898438,15.625197410583496,62.90804672241211,262.30517578125,407.9783630371094
767.0201416015625,218.734619140625,1316.8714599609375,1050.8248291015625,1646.3480224609375,805.1923828125,25.78345489501953,55.536014556884766,279.1312255859375,1138.8419189453125
534.153076171875,158.07852172851562,781.20556640625,1419.130859375,1263.788818359375,894.7915649414062,22.61754608154297,72.33042907714844,137.4156951904297,500.2421569824219
444.8150634765625,154.0665283203125,640.5753173828125,1000.3275146484375,1340.7318115234375,691.7307739257812,22.18402671813965,87.55670166015625,154.4868621826172,427.03277587890625
1258.958740234375,361.94122314453125,2341.164794921875,1719.116455078125,4481.83056640625,1700.044189453125,112.3043212890625,152.28860473632812,300.6683654785156,1388.5638427734375
764.9954223632812,385.2979736328125,1113.6175537109375,1517.3082275390625,2245.332275390625,1320.142333984375,71.103271484375,125.01178741455078,304.2674865722656,1143.809326171875
840.529052734375,349.2738342285156,1374.439697265625,1230.014404296875,1728.4326171875,1142.19873046875,185.0356903076172,326.9731750488281,331.1224670410156,1171.0535888671875
1051.759765625,510.6429748535156,2644.966796875,1662.5562744140625,1546.8046875,1246.86865234375,68.96099090576172,103.17847442626953,341.2538757324219,1175.2442626953125
644.5855712890625,356.54296875,1178.39501953125,1753.913330078125,2181.580078125,1650.5560302734375,61.66553497314453,92.04484558105469,303.04840087890625,984.1060180664062
795.9635009765625,468.14404296875,1348.914306640625,1209.6298828125,1625.037841796875,1278.4056396484375,75.13215637207031,83.44825744628906,234.14385986328125,1437.736572265625
866.139892578125,500.2967224121094,1666.4937744140625,1738.492431640625,1472.170166015625,2144.3876953125,111.09178924560547,193.7143096923828,453.36383056640625,1691.533935546875
767.824951171875,309.64892578125,1341.59033203125,1528.7711181640625,1781.447998046875,3111.53515625,45.41063690185547,79.43224334716797,202.22488403320312,885.9755859375
616.8919677734375,475.94769287109375,1060.2470703125,1212.984130859375,1409.6551513671875,1554.3585205078125,68.60408782958984,89.8027114868164,425.0823974609375,862.2288208007812
724.5277099609375,250.14230346679688,949.3857421875,1324.8460693359375,1562.8831787109375,762.7832641601562,22.219179153442383,103.3860855102539,216.8142547607422,723.7477416992188
575.109375,239.72091674804688,847.3404541015625,1219.6407470703125,1456.4068603515625,867.9657592773438,28.082677841186523,143.23605346679688,160.3369140625,786.73193359375
464.3082275390625,219.26806640625,609.5440673828125,995.6234130859375,1198.454345703125,431.7994689941406,16.247404098510742,67.14044189453125,213.28952026367188,778.2681884765625
670.3057250976562,391.7831115722656,782.9249267578125,1306.3682861328125,1280.1278076171875,996.96484375,17.140277862548828,55.763797760009766,290.6435852050781,613.0070190429688
877.9171142578125,353.03826904296875,1125.441650390625,1245.4193115234375,1453.96923828125,566.5753784179688,23.967960357666016,77.74717712402344,241.63497924804688,983.7388916015625
704.6503295898438,262.9524230957031,810.9713745117188,1492.3846435546875,1709.4393310546875,869.6681518554688,27.564661026000977,106.4007568359375,218.89453125,1014.479736328125
583.244140625,210.4702911376953,818.42919921875,1554.264404296875,1721.431884765625,842.0770874023438,34.22297668457031,76.82527923583984,135.60206604003906,553.1533203125
1147.73974609375,488.70751953125,1448.393310546875,1347.6724853515625,1336.936767578125,751.3672485351562,28.549030303955078,119.38359832763672,197.1857452392578,1143.55712890625
750.5125732421875,224.776611328125,985.533203125,18394.259765625,18809.1484375,835.9088134765625,4.496389865875244,18.267963409423828,74.62373352050781,223.1201934814453
739.465576171875,299.1426086425781,1057.199462890625,10567.8232421875,9584.5986328125,941.121826171875,5.144042015075684,15.600093841552734,71.64382934570312,266.58984375
706.3724365234375,266.74078369140625,1168.354248046875,2894.96533203125,2803.43701171875,859.761474609375,5.6733078956604,22.893558502197266,49.857723236083984,246.17794799804688
916.11474609375,237.0011444091797,1480.329345703125,1826.229736328125,1951.7708740234375,782.1207885742188,6.019790172576904,19.393054962158203,72.74593353271484,212.48590087890625
626.0548706054688,251.93856811523438,1038.67578125,1513.06103515625,1665.74365234375,910.6691284179688,5.797510623931885,18.232770919799805,75.9319076538086,209.50692749023438
775.8786010742188,290.04705810546875,1155.672607421875,1530.489013671875,1169.1470947265625,911.9124755859375,4.000072479248047,17.208404541015625,64.21054077148438,279.010009765625
669.7252197265625,325.85650634765625,1049.9608154296875,1081.514404296875,948.7742309570312,835.220947265625,5.313924312591553,20.612640380859375,97.48005676269531,259.4862365722656
596.7520141601562,254.1213836669922,920.41064453125,1679.2890625,1239.45166015625,842.5513916015625,3.3133742809295654,23.88410758972168,65.88898468017578,172.46983337402344
763.0181274414062,358.7691650390625,1073.9515380859375,1417.177001953125,1207.58935546875,688.3870849609375,3.8786518573760986,15.118776321411133,88.30830383300781,266.2183532714844
575.771484375,241.9635772705078,886.92138671875,1717.333740234375,1859.2762451171875,1645.32763671875,4.982022762298584,15.977739334106445,81.31782531738281,413.01025390625
825.689208984375,299.78704833984375,1155.257080078125,2959.394287109375,3044.858642578125,6256.70166015625,4.501387119293213,15.938209533691406,64.60250091552734,322.1874084472656
916.4808959960938,178.45147705078125,1527.597412109375,741.5919189453125,1636.49951171875,554.3955078125,5.04546594619751,11.079270362854004,27.8209228515625,65.10894775390625
462.9314880371094,196.2109375,755.4187622070312,817.2181396484375,1250.0390625,696.265625,4.273775100708008,7.179186820983887,16.074491500854492,46.994693756103516
670.5970458984375,318.3568115234375,1047.940673828125,1151.45703125,1413.1339111328125,898.8864135742188,6.569072723388672,9.417948722839355,11.801332473754883,62.20994567871094
662.9088134765625,222.0772705078125,1049.55908203125,794.5177612304688,910.8395385742188,780.6001586914062,5.2560625076293945,10.70137882232666,13.745184898376465,42.13836669921875
701.418212890625,202.23263549804688,1207.7769775390625,860.4166870117188,1187.61572265625,693.4413452148438,4.123342514038086,7.472488880157471,15.046122550964355,40.311214447021484
509.4657287597656,212.6521453857422,796.2958374023438,743.407958984375,874.1831665039062,623.607666015625,5.276334762573242,9.918039321899414,14.298542022705078,35.32957077026367
573.2280883789062,154.93582153320312,1008.0980224609375,567.0642700195312,789.936279296875,532.0114135742188,5.203800201416016,8.672120094299316,13.737518310546875,62.76834487915039
559.59912109375,265.4584045410156,954.8616333007812,987.7263793945312,1142.345458984375,864.5498657226562,4.470835208892822,10.866848945617676,21.007966995239258,67.42613220214844
786.1123046875,281.31390380859375,555.12890625,4073.016845703125,6988.02734375,299.4798278808594,66.9681396484375,207.83790588378906,234.18299865722656,605.3041381835938
917.72607421875,202.19485473632812,677.9755249023438,2862.57666015625,4949.19189453125,260.8350830078125,56.60798645019531,138.3137969970703,408.9591064453125,541.65673828125
1107.042236328125,213.46035766601562,771.4970703125,2067.54833984375,3141.05224609375,269.54351806640625,52.359718322753906,152.6734619140625,232.01918029785156,469.5057067871094
1151.0615234375,189.9844207763672,811.1689453125,1011.5026245117188,1411.289794921875,389.1700744628906,68.73257446289062,145.90853881835938,203.01353454589844,546.026123046875
923.5582275390625,144.29833984375,616.6285400390625,1023.7898559570312,1425.81005859375,193.90164184570312,69.40158081054688,169.3732147216797,247.17764282226562,960.3445434570312
1711.32177734375,173.82662963867188,1181.859619140625,984.734375,1330.119384765625,287.0157775878906,81.26717376708984,176.2360382080078,276.4957275390625,999.4777221679688
814.2059326171875,221.3352508544922,627.1212768554688,1572.345703125,1737.574951171875,318.7619323730469,58.44043731689453,184.9563751220703,190.16539001464844,532.6288452148438
787.5098876953125,262.11224365234375,567.9547119140625,1880.319580078125,2288.52783203125,598.1004028320312,41.07415771484375,114.75631713867188,422.7652282714844,1108.680908203125
702.0059204101562,241.6430206298828,486.96295166015625,1768.291748046875,3302.7490234375,1132.851806640625,41.87160110473633,172.05348205566406,387.6271057128906,806.8582153320312
271.3340759277344,149.42837524414062,619.2127685546875,556.8406982421875,575.7852783203125,205.1885223388672,27.092350006103516,64.75708770751953,116.593505859375,484.84515380859375
208.002685546875,271.46258544921875,483.84002685546875,575.88623046875,652.171142578125,271.257568359375,25.551963806152344,49.070125579833984,136.5429229736328,307.40545654296875
231.51654052734375,196.1988067626953,512.299072265625,473.14599609375,447.24591064453125,197.5936737060547,13.88272476196289,51.968013763427734,82.75357818603516,294.6732177734375
180.63291931152344,225.84561157226562,464.44775390625,675.4412841796875,660.6450805664062,275.96710205078125,23.782882690429688,67.36426544189453,97.86410522460938,303.6836242675781
241.53814697265625,355.7990417480469,579.1546630859375,557.2962036132812,526.1290283203125,275.26165771484375,11.796241760253906,42.701271057128906,101.69962310791016,286.7023010253906
202.2473907470703,211.6383819580078,525.7389526367188,492.09674072265625,572.0790405273438,229.04310607910156,13.511363983154297,41.76546096801758,76.03861999511719,242.767578125
125.44708251953125,131.7458953857422,323.03863525390625,496.588623046875,528.5661010742188,266.3477478027344,20.778766632080078,45.287410736083984,137.43124389648438,436.231201171875
114.30250549316406,101.4036865234375,441.95196533203125,678.5859375,458.19769287109375,173.09190368652344,11.373370170593262,24.35939598083496,65.81830596923828,281.3934631347656
121.59501647949219,136.2462921142578,517.7080078125,524.7092895507812,362.4658508300781,130.71316528320312,12.73580551147461,29.447423934936523,65.98258209228516,265.63568115234375
164.80784606933594,120.92903900146484,694.205078125,722.1818237304688,462.790283203125,175.2333221435547,11.170520782470703,26.721275329589844,55.427791595458984,405.1916809082031
167.88368225097656,189.63211059570312,686.2780151367188,774.1170043945312,424.31597900390625,221.25,10.865979194641113,45.00779724121094,130.74496459960938,513.348876953125
139.48719787597656,120.2600326538086,613.2531127929688,946.4285888671875,621.9684448242188,155.8189239501953,6.612057209014893,18.371158599853516,69.36665344238281,325.714111328125
386.6339111328125,167.12643432617188,679.3363037109375,2575.8466796875,10164.5263671875,3095.60888671875,12.755249977111816,59.652740478515625,176.98818969726562,508.5510559082031
404.3428649902344,166.9723663330078,778.166015625,1765.3890380859375,6224.48486328125,3537.41943359375,14.555147171020508,53.941253662109375,162.46543884277344,854.8333740234375
424.4053039550781,221.0433349609375,865.1046752929688,2344.546142578125,4324.97265625,4860.39111328125,18.45315933227539,58.174110412597656,223.86111450195312,725.2607421875
591.548095703125,180.83058166503906,1366.653564453125,1611.9052734375,2049.490478515625,5030.89453125,12.371586799621582,56.76049041748047,219.48513793945312,1023.2594604492188
598.2708740234375,184.1548309326172,1174.4986572265625,1585.218017578125,2168.521484375,1365.705322265625,11.582715034484863,39.71296310424805,209.84014892578125,1081.090087890625
464.65887451171875,245.379638671875,741.4767456054688,1878.3050537109375,1980.705078125,2307.18212890625,11.402623176574707,51.62488555908203,207.4563446044922,492.9474792480469
507.42803955078125,156.5380096435547,800.3469848632812,1369.2568359375,2020.192626953125,2500.904296875,13.576387405395508,55.99232864379883,157.25482177734375,1343.3651123046875
428.7608337402344,210.89608764648438,785.3375854492188,1677.7474365234375,2651.615234375,1376.113037109375,12.281739234924316,86.70183563232422,279.6477966308594,773.8181762695312
395.3207702636719,170.60768127441406,607.34423828125,2025.6956787109375,2775.07666015625,1649.905029296875,11.877669334411621,52.58088302612305,170.44313049316406,535.7485961914062
